ChargerID,Sessions,TotalDemand,AverageDemand,AverageDuration,UniqueUsers,Location,ChargerCompany,ChargerType
573,674,8737.48,12.96,158.89,73,market,1,0
25,658,9484.49,14.41,134.58,68,hotel,1,0
163,648,11005.87,16.98,161.82,60,resort,1,0
273,576,9433.78,16.38,155.01,54,resort,1,0
95,576,8900.14,15.45,145.01,56,hotel,1,0
29,557,8135.15,14.61,139.99,12,resort,1,0
3,549,7701.15,14.03,140.75,13,company,1,0
30,530,8568.47,16.17,168.91,37,resort,1,0
33,513,8164.31,15.91,200.41,28,apartment,1,0
19,509,10976.55,21.56,202.96,46,resort,1,0
13,506,8125.23,16.06,207.5,25,apartment,1,0
42,489,6708.22,13.72,136.04,48,hotel,1,0
18,487,6365.4,13.07,125.22,22,hotel,1,0
20,486,7586.61,15.61,158.26,17,resort,1,0
69,482,8052.75,16.71,193.77,27,apartment,1,0
287,461,10884.0,23.61,222.49,6,apartment,1,0
64,460,7488.3,16.28,186.11,29,apartment,1,0
123,451,7570.35,16.79,206.72,27,apartment,1,0
59,449,9483.35,21.12,206.74,4,apartment,1,0
9,447,6619.36,14.81,143.42,12,hotel,1,0
327,443,3982.73,8.99,121.55,82,market,1,0
320,427,10294.49,24.11,230.35,25,camping,1,0
431,427,10353.58,24.25,232.13,22,camping,1,0
264,425,5897.27,13.88,124.3,7,hotel,1,0
66,424,7444.33,17.56,174.07,33,resort,1,0
1,404,5790.57,14.33,149.09,46,hotel,1,0
5,402,9424.57,23.44,211.03,7,apartment,1,0
80,394,7181.01,18.23,157.6,7,public area,1,0
260,393,9542.07,24.28,284.99,13,public institution,1,0
375,390,10585.07,27.14,298.26,17,apartment,1,0
370,389,7484.25,19.24,193.75,17,apartment,1,0
173,387,4693.52,12.13,143.12,11,public area,1,0
21,375,7673.9,20.46,207.32,6,apartment,1,0
52,354,7167.1,20.25,217.9,10,apartment,1,0
430,353,9664.29,27.38,262.11,19,camping,1,0
433,350,9292.44,26.55,256.48,22,camping,1,0
513,348,4254.2,12.22,163.11,13,public area,1,0
291,336,8397.61,24.99,308.58,11,public institution,1,0
140,333,7413.51,22.26,224.37,7,apartment,1,0
236,330,3547.98,10.75,103.3,3,market,1,0
22,328,5259.5,16.04,162.64,13,hotel,1,0
270,322,4521.04,14.04,131.17,15,company,1,0
374,310,7899.59,25.48,248.23,22,apartment,1,0
154,309,7312.12,23.66,231.26,14,public area,1,0
126,302,6025.3,19.95,188.25,3,resort,1,0
177,301,7004.74,23.27,208.22,6,apartment,1,0
200,297,7230.5,24.35,241.79,7,apartment,1,0
116,294,6031.68,20.52,197.82,12,company,1,0
211,285,6610.82,23.2,208.62,9,company,1,0
190,284,3790.94,13.35,123.37,13,company,1,0
300,278,4740.2,17.05,164.24,11,hotel,0,0
373,271,7754.06,28.61,274.8,19,apartment,1,0
303,269,4927.1,18.32,185.12,8,resort,0,0
512,268,4597.2,17.15,208.29,11,public area,1,0
182,263,2783.62,10.58,97.71,13,company,0,0
34,249,6247.8,25.09,256.71,5,restaurant,1,0
262,248,3463.49,13.97,134.58,4,restaurant,1,0
376,244,6735.69,27.61,250.24,21,apartment,1,0
371,241,5033.93,20.89,204.8,17,apartment,1,0
284,237,4558.9,19.24,191.29,10,resort,0,0
16,237,3270.5,13.8,179.41,3,apartment,1,0
329,237,3429.28,14.47,129.14,13,company,1,0
214,232,6502.36,28.03,261.12,11,public area,1,0
232,229,5322.6,23.24,242.57,4,apartment,1,0
37,228,3776.9,16.57,196.52,5,company,1,0
308,226,2178.4,9.64,86.41,23,company,1,0
44,226,2656.8,11.76,152.85,6,apartment,1,0
46,225,4198.44,18.66,175.46,4,hotel,1,0
82,224,4164.43,18.59,183.72,5,apartment,1,0
224,221,2203.96,9.97,131.65,2,public area,1,0
377,221,8107.34,36.68,369.36,11,public area,1,0
26,221,5943.66,26.89,241.68,5,public area,1,0
118,220,5251.2,23.87,241.95,2,public institution,1,0
244,215,3032.17,14.1,126.44,11,company,1,0
238,214,5137.81,24.01,251.69,15,public area,1,0
306,213,2390.02,11.22,101.75,15,apartment,1,0
304,205,3675.2,17.93,176.72,9,resort,0,0
102,204,3125.17,15.32,135.12,8,hotel,1,0
372,203,6099.92,30.05,313.42,12,apartment,1,0
334,203,2492.65,12.28,110.01,13,apartment,1,0
83,201,5375.05,26.74,236.68,7,public area,1,0
580,201,2150.67,10.7,97.19,15,apartment,1,0
164,198,2299.55,11.61,120.42,7,resort,1,0
100,197,3622.18,18.39,186.14,12,company,1,0
230,197,3204.35,16.27,164.37,4,public area,1,0
579,195,2094.4,10.74,97.47,14,apartment,1,0
89,192,4083.48,21.27,199.05,35,resort,1,0
87,191,4042.63,21.17,201.22,38,resort,1,0
117,191,2174.76,11.39,104.58,10,public area,1,0
168,190,3347.32,17.62,162.06,8,public area,1,0
54,188,3529.54,18.77,179.04,31,resort,1,0
198,188,2413.98,12.84,115.55,4,restaurant,1,0
719,188,1623.8,8.64,150.39,7,public area,0,0
663,185,2578.03,13.94,130.06,11,company,1,0
99,185,2729.46,14.75,149.21,8,hotel,1,0
90,185,3135.39,16.95,161.5,9,public area,1,0
105,185,2601.49,14.06,133.06,8,hotel,1,0
43,184,3342.71,18.17,175.18,47,resort,1,0
581,180,2010.64,11.17,113.08,15,apartment,1,0
578,175,2082.6,11.9,107.61,15,apartment,1,0
250,174,5123.68,29.45,283.24,5,public area,1,0
492,174,2639.03,15.17,163.71,3,company,1,0
483,173,2470.6,14.28,131.58,13,hotel,1,0
248,167,2599.06,15.56,163.9,5,public institution,1,0
38,167,2109.3,12.63,122.66,6,hotel,1,0
664,166,2695.59,16.24,151.3,12,company,1,0
128,166,2337.9,14.08,160.73,7,hotel,1,0
613,165,2005.38,12.15,209.21,3,hotel,0,0
96,164,4231.51,25.8,235.81,5,public area,1,0
667,163,2807.46,17.22,157.97,12,company,1,0
792,163,2311.12,14.18,149.59,6,restaurant,0,0
104,162,1867.81,11.53,146.78,10,hotel,1,0
666,161,2651.05,16.47,153.94,12,company,1,0
17,161,2680.12,16.65,145.3,2,company,1,0
139,160,2448.66,15.3,178.62,13,public area,1,0
283,160,2766.2,17.29,163.39,8,resort,0,0
662,159,2632.63,16.56,154.92,11,company,1,0
149,157,2746.36,17.49,176.44,22,resort,1,0
188,154,4312.7,28.0,280.32,4,public area,1,0
277,154,2393.13,15.54,160.56,5,public area,1,0
571,153,2344.03,15.32,136.25,11,company,1,0
55,152,3042.52,20.02,187.32,36,resort,1,0
23,150,4649.58,31.0,276.5,6,public area,1,0
14,150,1840.07,12.27,136.05,5,public area,1,0
158,150,4184.46,27.9,246.73,6,public area,1,0
101,148,2308.9,15.6,139.49,7,company,1,0
1314,148,1206.82,8.15,147.62,1,hotel,0,0
107,147,3994.57,27.17,257.01,5,public area,1,0
171,146,3322.09,22.75,213.77,4,golf,1,0
174,146,1879.76,12.88,122.01,10,hotel,1,0
703,146,1418.86,9.72,166.36,9,restaurant,0,0
45,144,2831.49,19.66,236.37,7,company,1,0
217,144,2476.2,17.2,157.4,5,hotel,1,0
79,143,1925.8,13.47,134.38,6,resort,1,0
400,143,1642.07,11.48,28.01,9,public area,0,1
10,139,2508.27,18.05,178.19,4,hotel,1,0
68,139,2601.11,18.71,169.86,3,resort,1,0
65,138,1759.4,12.75,118.54,13,public area,1,0
665,135,2873.46,21.28,212.3,13,company,1,0
88,135,2492.1,18.46,183.84,11,apartment,1,0
2505,134,4517.25,33.71,313.86,1,accommodation,0,0
738,134,2318.95,17.31,219.1,10,apartment,0,0
49,134,3186.69,23.78,241.86,10,public area,1,0
202,131,1193.11,9.11,81.43,9,hotel,1,0
76,128,1901.0,14.85,181.19,4,resort,1,0
783,126,768.11,6.1,380.38,1,apartment,0,0
114,126,1699.4,13.49,223.55,4,apartment,1,0
301,124,2296.0,18.52,178.39,5,resort,0,0
732,124,3136.28,25.29,29.98,19,public institution,0,1
242,124,2469.29,19.91,187.88,12,golf,1,0
28,124,2477.1,19.98,196.15,11,apartment,1,0
155,122,2625.9,21.52,241.61,10,apartment,1,0
113,122,1331.56,10.91,131.89,3,resort,1,0
468,122,1029.9,8.44,133.28,12,public institution,0,0
1209,122,844.18,6.92,125.78,6,resort,0,0
153,121,1295.4,10.71,103.28,9,public area,1,0
56,120,2308.7,19.24,181.58,7,public area,1,0
1490,120,1789.52,14.91,33.77,10,public area,0,1
971,120,1398.98,11.66,25.04,6,public area,0,1
970,120,2618.86,21.82,34.15,6,public institution,0,1
136,120,1523.8,12.7,114.28,9,hotel,1,0
8,117,1655.82,14.15,209.79,3,hotel,1,0
121,117,1734.52,14.82,133.57,9,hotel,1,0
129,117,1941.65,16.6,156.77,8,golf,1,0
178,116,1806.75,15.58,141.7,7,public area,1,0
646,116,1314.6,11.33,161.89,10,public institution,0,0
900,115,2271.12,19.75,33.61,13,public parking lot,0,1
24,114,2899.57,25.43,224.21,5,public institution,1,0
237,112,3025.13,27.01,246.38,4,company,1,0
331,111,2221.31,20.01,179.41,5,company,1,0
50,111,1248.02,11.24,115.45,8,public area,1,0
62,109,910.27,8.35,139.42,10,public area,1,0
204,108,1627.0,15.06,171.1,6,company,1,0
191,108,3034.49,28.1,246.77,3,resort,1,0
74,107,2087.8,19.51,219.88,11,apartment,1,0
132,107,1195.09,11.17,145.76,5,public area,1,0
203,106,2267.79,21.39,191.41,8,company,1,0
32,105,1685.28,16.05,143.07,4,hotel,1,0
1157,105,715.5,6.81,106.16,17,sightseeing,0,0
249,104,2937.14,28.24,310.09,4,public institution,1,0
491,104,2150.58,20.68,211.15,12,company,1,0
175,103,2365.17,22.96,202.7,3,public area,1,0
473,102,2529.27,24.8,32.49,28,market,0,1
48,102,2015.8,19.76,191.1,7,apartment,1,0
1001,101,1844.13,18.26,36.06,7,public area,0,1
125,101,1699.88,16.83,157.52,6,hotel,1,0
263,101,1880.94,18.62,176.15,4,hotel,1,0
92,100,1731.2,17.31,176.53,4,apartment,1,0
977,100,383.05,3.83,7.85,4,public institution,0,1
205,100,1966.68,19.67,197.19,9,public area,1,0
27,100,2335.91,23.36,209.19,2,restaurant,1,0
194,100,862.9,8.63,78.12,5,company,1,0
84,99,1611.86,16.28,150.96,5,public area,1,0
565,99,1449.93,14.65,36.9,21,public area,0,1
213,98,1388.2,14.17,138.81,7,public area,1,0
146,97,1291.9,13.32,115.21,8,company,1,0
206,97,2103.47,21.69,193.96,2,resort,1,0
305,96,3169.3,33.01,292.17,4,resort,0,0
907,96,2232.24,23.25,37.6,7,public area,0,1
359,95,2077.46,21.87,200.96,10,apartment,1,0
1195,95,2317.22,24.39,60.02,4,public area,0,1
251,95,3156.68,33.23,314.82,6,market,1,0
1032,95,1220.34,12.85,141.28,1,apartment,0,0
219,95,2010.66,21.16,203.48,2,public area,1,0
402,94,1567.25,16.67,29.54,5,public institution,0,1
397,94,1067.51,11.36,180.48,1,apartment,0,0
185,94,1515.08,16.12,153.86,8,golf,1,0
170,94,1040.79,11.07,125.32,3,public area,1,0
1392,94,1020.0,10.85,103.98,10,golf,1,0
222,92,1297.99,14.11,130.86,7,company,1,0
1787,92,1100.44,11.96,177.9,4,apartment,0,0
109,91,1076.3,11.83,103.65,3,hotel,1,0
150,91,1264.71,13.9,125.89,4,resort,1,0
1536,90,1045.11,11.61,145.51,10,company,0,0
278,90,2484.4,27.6,262.07,5,apartment,1,0
127,89,1471.47,16.53,146.63,4,resort,1,0
208,89,925.4,10.4,103.49,7,golf,1,0
672,89,3022.66,33.96,46.34,4,public area,0,1
2068,89,1376.29,15.46,151.8,7,golf,1,0
967,88,1543.39,17.54,29.43,24,public parking lot,0,1
592,88,1507.19,17.13,46.57,44,sightseeing,0,1
1919,88,1406.89,15.99,34.06,9,public parking lot,0,1
530,87,1718.82,19.76,33.0,14,public parking lot,0,1
61,87,1057.4,12.15,118.85,3,hotel,1,0
1748,86,2547.8,29.63,512.85,4,restaurant,0,0
1047,86,2425.74,28.21,32.94,20,public area,0,1
1004,85,1358.93,15.99,31.52,12,public parking lot,0,1
607,85,1292.82,15.21,32.31,23,company,0,1
267,84,1924.9,22.92,253.49,5,company,1,0
311,84,1372.97,16.34,156.02,2,public area,1,0
1168,84,2127.73,25.33,33.36,19,market,0,1
1389,83,558.4,6.73,70.42,8,public institution,0,0
2059,81,425.16,5.25,92.14,1,apartment,0,0
1233,81,1653.34,20.41,184.54,4,public area,1,0
347,79,2245.8,28.43,256.51,5,apartment,0,0
541,78,1694.92,21.73,32.88,14,public parking lot,0,1
714,78,1117.6,14.33,150.64,5,public institution,0,0
235,78,1386.5,17.78,171.53,2,public area,1,0
159,78,781.3,10.02,122.36,11,public area,1,0
147,78,675.64,8.66,105.32,12,public institution,1,0
915,78,1988.4,25.49,39.4,15,public institution,0,1
269,76,820.01,10.79,102.54,7,company,0,0
1680,76,1774.5,23.35,235.39,2,company,1,0
103,75,680.2,9.07,80.32,7,public institution,1,0
145,74,1056.24,14.27,133.93,6,public area,1,0
741,74,1819.45,24.59,283.19,8,apartment,0,0
1123,74,2567.15,34.69,59.97,5,restaurant,0,1
551,73,726.6,9.95,103.52,12,public institution,0,0
354,73,1317.5,18.05,168.79,6,apartment,0,0
449,71,2722.12,38.34,65.96,7,restaurant,0,1
1488,71,1334.42,18.79,35.06,9,public parking lot,0,1
93,71,864.4,12.17,106.48,4,company,1,0
187,71,1936.63,27.28,246.85,3,company,1,0
253,70,903.33,12.9,137.77,6,resort,1,0
172,69,1613.09,23.38,212.39,7,hotel,1,0
522,69,1301.37,18.86,32.06,12,public parking lot,0,1
957,69,1166.17,16.9,36.54,4,public parking lot,0,1
1055,68,731.38,10.76,22.01,30,public institution,0,1
1155,67,715.74,10.68,104.13,1,apartment,0,0
2164,67,753.88,11.25,99.93,4,public area,1,0
357,67,1533.3,22.89,313.84,6,public area,0,0
1005,67,1503.28,22.44,33.25,12,public institution,0,1
166,66,1009.5,15.3,156.0,5,company,1,0
221,66,1940.2,29.4,282.73,11,public area,1,0
569,66,482.41,7.31,139.61,13,restaurant,0,0
108,65,1064.96,16.38,158.43,5,restaurant,1,0
1042,65,679.29,10.45,31.31,23,market,0,1
1511,65,644.11,9.91,166.63,2,apartment,0,0
1999,65,1341.48,20.64,37.29,2,public area,0,1
2,64,1158.72,18.1,166.02,15,hotel,1,0
1074,64,1089.84,17.03,27.97,2,apartment,0,1
110,64,878.78,13.73,143.66,3,golf,1,0
1096,63,587.78,9.33,18.63,4,market,0,1
432,63,1822.24,28.92,267.59,12,camping,1,0
1811,63,1018.53,16.17,37.51,5,public area,0,1
482,63,928.3,14.73,137.87,6,company,1,0
1428,62,400.94,6.47,16.15,3,public parking lot,0,1
464,62,728.63,11.75,26.52,29,public institution,0,1
640,61,1048.52,17.19,33.85,6,company,0,1
552,61,647.9,10.62,109.92,10,public institution,0,0
845,61,650.83,10.67,17.28,10,market,0,1
281,61,1132.09,18.56,193.21,2,restaurant,1,0
81,60,779.84,13.0,113.48,4,company,1,0
274,60,1505.93,25.1,229.08,8,resort,1,0
350,60,1678.7,27.98,260.35,5,apartment,0,0
233,60,667.3,11.12,127.72,5,public area,1,0
1285,59,357.1,6.05,91.68,8,public area,0,0
290,59,935.28,15.85,143.75,6,resort,0,0
162,59,1688.1,28.61,287.81,5,resort,1,0
735,59,1240.78,21.03,250.51,6,apartment,0,0
176,59,1652.7,28.01,284.59,2,public area,1,0
285,58,1021.7,17.62,177.74,8,hotel,0,0
401,58,751.54,12.96,30.83,9,public parking lot,0,1
312,58,1016.62,17.53,163.09,10,public area,1,0
619,58,1126.35,19.42,35.19,9,public parking lot,0,1
920,57,1542.62,27.06,40.82,13,public institution,0,1
827,57,912.76,16.01,25.0,13,public area,0,1
2308,57,610.72,10.71,213.95,1,apartment,0,0
1064,57,733.2,12.86,35.04,9,public area,0,1
1282,56,317.2,5.66,91.14,7,public area,0,0
728,56,726.88,12.98,32.46,11,public parking lot,0,1
275,56,420.1,7.5,70.14,7,public area,1,0
751,56,982.0,17.54,208.93,5,apartment,0,0
453,56,456.37,8.15,20.36,5,public parking lot,0,1
1433,55,798.85,14.52,25.69,10,public parking lot,0,1
415,54,600.12,11.11,29.22,6,public area,0,1
866,54,913.22,16.91,35.0,8,public parking lot,0,1
1188,54,665.51,12.32,108.54,15,hotel,0,1
435,54,1177.41,21.8,44.33,7,public institution,0,1
72,53,916.19,17.29,149.53,3,accommodation,1,0
817,53,691.09,13.04,375.68,36,hotel,0,0
167,53,751.22,14.17,133.87,4,resort,1,0
1804,52,644.6,12.4,177.27,4,public area,0,0
1785,52,710.95,13.67,200.77,4,apartment,0,0
85,52,867.1,16.68,161.52,5,public area,1,0
130,52,761.81,14.65,142.85,7,golf,1,0
555,52,785.7,15.11,161.69,10,public institution,0,0
384,51,856.83,16.8,28.29,15,public area,0,1
226,51,1688.6,33.11,325.35,3,apartment,1,0
686,51,643.47,12.62,20.76,17,public area,0,1
215,51,1008.72,19.78,194.1,5,resort,1,0
181,51,741.81,14.55,135.84,4,public area,1,0
533,50,1072.97,21.46,29.74,6,public area,0,1
2060,50,308.68,6.17,107.14,1,apartment,0,0
1197,50,480.29,9.61,465.56,2,apartment,0,0
548,50,512.4,10.25,125.44,13,public institution,0,0
1461,50,684.4,13.69,172.52,1,public institution,0,0
1088,50,795.51,15.91,27.62,20,public institution,0,1
395,49,860.92,17.57,33.59,17,public area,0,1
733,49,490.9,10.02,137.47,12,public institution,0,0
225,49,472.4,9.64,87.41,6,public area,1,0
423,48,439.85,9.16,20.83,25,public area,0,1
434,48,683.38,14.24,30.17,7,public institution,0,1
356,48,858.82,17.89,157.44,5,public area,1,0
1002,47,888.71,18.91,30.74,11,public parking lot,0,1
210,47,710.19,15.11,147.28,2,hotel,1,0
2426,47,955.3,20.33,182.57,1,public institution,0,0
112,47,653.74,13.91,129.62,5,company,1,0
1143,47,594.47,12.65,117.38,19,hotel,0,1
258,47,971.37,20.67,181.83,3,public area,1,0
286,47,881.0,18.74,192.7,4,hotel,0,0
1226,46,1068.99,23.24,30.76,9,market,0,1
1294,46,562.21,12.22,26.61,3,public parking lot,0,1
886,46,728.16,15.83,29.35,6,public institution,0,1
15,46,644.2,14.0,124.33,4,company,1,0
1106,46,1049.72,22.82,36.67,3,public institution,0,1
369,46,701.01,15.24,33.41,24,public area,0,1
724,46,790.7,17.19,155.02,1,public institution,0,0
296,46,455.45,9.9,132.13,7,hotel,1,0
380,45,754.47,16.77,23.02,8,public area,0,1
854,45,577.03,12.82,27.91,20,public area,0,1
557,45,574.6,12.77,127.84,6,public institution,0,0
1507,45,631.05,14.02,227.33,1,public area,0,0
1335,45,1278.33,28.41,35.42,10,public area,0,1
445,45,846.42,18.81,37.07,26,public area,0,1
2518,44,670.07,15.23,200.82,1,apartment,0,0
882,44,650.71,14.79,26.41,20,public institution,0,1
699,44,300.68,6.83,126.11,27,public parking lot,0,0
134,44,657.87,14.95,152.14,8,public institution,1,0
642,44,770.69,17.52,35.34,8,company,0,1
1972,44,732.69,16.65,33.75,8,public area,0,1
315,44,1002.21,22.78,203.41,3,resort,1,0
481,44,937.5,21.31,190.18,3,golf,1,0
394,44,589.93,13.41,25.23,13,public area,0,1
1350,43,437.0,10.16,89.63,5,public institution,0,0
1003,43,788.79,18.34,29.98,9,public parking lot,0,1
1320,43,918.24,21.35,37.21,6,public institution,0,1
1538,43,1813.69,42.18,422.77,1,company,0,0
1062,42,636.67,15.16,28.62,20,public parking lot,0,1
1220,42,466.73,11.11,122.02,8,public area,1,0
1187,42,260.41,6.2,110.31,1,apartment,0,0
189,42,308.2,7.34,65.12,3,public institution,1,0
343,42,992.3,23.63,214.52,7,apartment,0,0
349,41,711.69,17.36,174.51,8,hotel,1,0
1048,41,878.05,21.42,40.05,15,market,0,1
1043,41,405.8,9.9,148.54,26,public parking lot,0,0
379,41,431.46,10.52,30.93,4,public parking lot,0,1
1147,41,938.2,22.88,201.54,8,public institution,0,0
572,41,379.4,9.25,161.29,1,apartment,0,0
651,41,575.74,14.04,37.02,7,public area,0,1
307,41,499.33,12.18,116.27,6,public area,1,0
195,41,726.03,17.71,169.34,5,resort,1,0
1444,40,1679.92,42.0,34.6,3,company,0,1
938,40,962.92,24.07,30.38,5,public area,0,1
1754,40,1249.65,31.24,574.35,1,restaurant,0,0
360,40,830.21,20.76,183.82,9,apartment,1,0
425,40,769.91,19.25,38.22,17,public parking lot,0,1
962,40,656.82,16.42,25.02,4,company,0,1
508,39,748.36,19.19,23.67,10,public area,0,1
1010,39,687.67,17.63,26.41,10,public institution,0,1
1056,39,445.77,11.43,22.23,18,public institution,0,1
1813,39,462.0,11.85,35.05,3,public area,0,1
740,39,518.72,13.3,189.26,6,apartment,0,0
1163,39,2078.47,53.29,100.41,3,public institution,0,1
674,39,994.51,25.5,36.64,5,public area,0,1
1432,39,367.79,9.43,23.56,6,public parking lot,0,1
963,39,744.77,19.1,185.85,7,resort,1,0
2095,39,936.09,24.0,38.23,3,apartment,0,1
630,38,375.1,9.87,103.16,1,apartment,0,0
1014,38,605.46,15.93,36.11,24,public parking lot,0,1
945,38,664.84,17.5,189.45,4,public institution,1,0
1200,38,373.96,9.84,550.97,1,apartment,0,0
227,38,289.3,7.61,65.37,8,company,1,0
1112,38,254.4,6.69,105.76,4,public area,0,0
111,37,872.36,23.58,213.76,2,hotel,1,0
624,37,666.52,18.01,33.54,7,public parking lot,0,1
1114,37,540.94,14.62,35.19,9,public parking lot,0,1
503,37,621.53,16.8,28.89,17,public parking lot,0,1
770,37,1370.66,37.04,73.16,9,public parking lot,0,1
773,37,1054.28,28.49,47.35,18,restaurant,0,1
2609,37,408.74,11.05,284.68,2,apartment,0,0
1031,37,1102.36,29.79,35.51,13,market,0,1
1241,37,692.39,18.71,34.46,10,public institution,0,1
532,36,479.46,13.32,21.31,17,public area,0,1
644,36,441.1,12.25,89.83,6,restaurant,0,1
855,36,813.45,22.6,40.92,18,public area,0,1
559,36,466.75,12.97,26.64,22,public institution,0,1
1784,36,480.15,13.34,185.94,5,apartment,0,0
913,36,667.18,18.53,33.67,17,sightseeing,0,1
1610,36,386.81,10.74,345.14,2,company,0,0
2046,35,522.2,14.92,137.54,2,public area,0,0
199,35,737.05,21.06,209.49,4,public institution,1,0
670,35,430.6,12.3,28.29,18,public area,0,1
161,35,660.8,18.88,213.29,2,public area,1,0
1301,35,447.46,12.78,162.74,4,public institution,0,0
550,35,652.19,18.63,32.97,17,public institution,0,1
1041,35,310.92,8.88,207.11,15,public parking lot,0,0
1006,35,635.81,18.17,39.29,13,public parking lot,0,1
519,35,618.34,17.67,87.71,3,public area,1,0
489,35,326.27,9.32,90.69,2,restaurant,1,0
933,35,427.11,12.2,31.09,16,public institution,0,1
556,35,365.8,10.45,114.34,10,public institution,0,0
577,35,251.2,7.18,78.06,23,sightseeing,0,0
567,35,475.82,13.59,31.49,20,public institution,0,1
426,35,584.8,16.71,223.74,10,public institution,0,0
422,35,544.27,15.55,30.71,21,sightseeing,0,1
2431,35,339.98,9.71,119.8,1,apartment,0,0
1368,35,606.76,17.34,38.11,3,public parking lot,0,1
701,35,204.55,5.84,29.4,18,market,0,1
660,34,1226.77,36.08,32.47,8,public institution,0,1
1552,34,779.0,22.91,228.82,3,public area,1,0
1201,34,407.5,11.99,179.65,2,public institution,0,0
677,34,688.79,20.26,32.32,10,public parking lot,0,1
317,34,559.6,16.46,156.09,5,hotel,0,0
319,34,155.6,4.58,127.26,2,public area,0,0
461,34,592.49,17.43,42.79,5,public area,0,1
451,34,788.4,23.19,36.94,7,public parking lot,0,1
1323,34,885.36,26.04,33.91,22,public area,0,1
871,34,393.83,11.58,21.94,19,public area,0,1
951,34,189.92,5.59,100.5,8,apartment,0,0
2389,34,948.89,27.91,307.65,1,apartment,0,0
322,33,258.3,7.83,95.76,4,hotel,0,0
456,33,445.99,13.51,259.27,24,hotel,0,0
1458,33,298.3,9.04,115.67,9,public area,0,0
1548,33,226.08,6.85,116.67,2,public area,0,0
641,33,1025.01,31.06,34.45,7,public institution,0,1
932,33,832.99,25.24,238.3,4,resort,1,0
1912,32,715.59,22.36,34.38,7,public institution,0,1
2395,32,1507.78,47.12,448.72,1,apartment,0,0
364,32,521.51,16.3,26.44,8,public area,0,1
289,32,199.24,6.23,63.72,3,public area,1,0
429,32,472.2,14.76,241.09,8,public institution,0,0
1342,32,1184.2,37.01,49.31,4,market,0,1
1045,32,890.64,27.83,52.0,6,public area,0,1
683,32,639.17,19.97,32.28,15,sightseeing,0,1
1459,32,195.4,6.11,95.28,7,public area,0,0
389,31,698.92,22.55,280.94,1,public institution,0,0
437,31,322.53,10.4,24.19,12,public area,0,1
936,31,1076.68,34.73,68.84,7,public institution,0,1
1116,31,515.57,16.63,31.23,11,public area,0,1
469,31,285.99,9.23,25.48,19,public institution,0,1
1766,30,933.1,31.1,277.77,1,public institution,0,0
7,30,337.83,11.26,100.87,2,resort,1,0
1283,30,196.57,6.55,130.23,1,public institution,0,0
156,30,452.17,15.07,141.0,3,hotel,1,0
310,30,269.26,8.98,82.73,4,restaurant,1,0
160,30,481.55,16.05,148.4,4,sightseeing,1,0
2200,30,525.68,17.52,33.77,3,public area,0,1
1136,30,624.75,20.82,41.4,11,public area,0,1
779,29,714.44,24.64,31.31,8,market,0,1
745,29,544.58,18.78,25.0,4,apartment,0,1
760,29,510.41,17.6,38.55,7,public area,0,1
1367,29,469.78,16.2,35.83,4,apartment,0,1
436,29,278.46,9.6,26.9,15,public area,0,1
766,29,581.15,20.04,38.48,2,public institution,0,1
643,29,644.95,22.24,33.07,3,public area,0,1
1573,29,549.52,18.95,37.93,10,public area,0,1
2228,29,521.41,17.98,41.31,3,public parking lot,0,1
396,29,384.19,13.25,216.79,1,apartment,0,0
1611,29,297.4,10.26,359.38,2,company,0,0
1818,29,285.3,9.84,167.03,1,public institution,0,0
1053,29,772.83,26.65,38.97,17,market,0,1
973,29,423.88,14.62,191.0,7,golf,0,0
2284,29,220.24,7.59,70.9,3,company,1,0
841,29,958.35,33.05,60.69,8,public area,0,1
682,29,467.91,16.13,26.24,18,public parking lot,0,1
645,29,480.83,16.58,34.55,5,sightseeing,0,1
1210,29,237.38,8.19,145.97,5,resort,0,0
474,29,450.47,15.53,29.59,8,apartment,0,1
328,28,495.6,17.7,162.0,6,hotel,0,0
731,28,749.82,26.78,43.82,11,apartment,0,1
765,28,401.92,14.35,30.86,16,market,0,1
754,28,462.74,16.53,223.64,4,apartment,0,0
853,28,390.82,13.96,33.29,19,public area,0,1
1227,28,705.87,25.21,27.89,9,market,0,1
1256,28,985.67,35.2,56.14,5,sightseeing,0,1
427,28,435.2,15.54,231.0,8,public institution,0,0
914,28,714.99,25.54,37.64,17,market,0,1
1135,28,552.51,19.73,46.61,13,public area,0,1
180,28,256.3,9.15,81.43,5,company,1,0
953,28,600.38,21.44,31.04,11,public area,0,1
2581,28,236.37,8.44,145.46,1,apartment,0,1
554,28,428.66,15.31,32.0,16,public institution,0,1
596,27,566.13,20.97,33.37,16,public parking lot,0,1
257,27,239.58,8.87,78.74,5,company,1,0
447,27,362.71,13.43,23.44,12,public area,0,1
704,27,159.56,5.91,88.89,6,company,0,0
1950,27,231.7,8.58,168.48,3,public area,0,0
544,27,826.07,30.6,41.89,14,market,0,1
1081,27,226.86,8.4,142.26,4,apartment,0,0
1258,27,169.88,6.29,168.52,2,company,0,0
77,27,380.31,14.09,148.89,3,public institution,1,0
1358,27,1237.58,45.84,65.93,3,hotel,0,1
2136,27,138.5,5.13,99.52,2,apartment,0,0
1489,27,461.86,17.11,35.04,4,public parking lot,0,1
1225,27,294.29,10.9,27.78,12,public institution,0,1
1082,26,400.24,15.39,27.19,19,public institution,0,1
524,26,537.22,20.66,37.19,8,public parking lot,0,1
531,26,406.6,15.64,33.62,15,hotel,0,1
539,26,795.38,30.59,47.23,14,sightseeing,0,1
1969,26,227.97,8.77,115.0,3,hotel,0,0
747,26,471.86,18.15,25.23,6,apartment,0,1
1144,26,149.77,5.76,106.04,22,public area,0,0
950,26,448.88,17.26,216.31,8,apartment,0,0
1763,26,563.01,21.65,38.85,8,public area,0,1
424,26,234.59,9.02,20.58,7,public parking lot,0,1
1160,26,364.68,14.03,27.96,3,public area,0,1
414,26,228.85,8.8,103.12,25,sightseeing,0,0
157,26,144.39,5.55,84.12,6,public institution,1,0
1214,26,207.84,7.99,129.15,6,public parking lot,0,0
366,25,491.07,19.64,35.4,18,market,0,1
1240,25,329.79,13.19,33.8,17,public parking lot,0,1
791,25,374.74,14.99,554.48,7,apartment,0,0
1288,25,175.91,7.04,139.96,1,public institution,0,0
495,25,448.79,17.95,29.72,7,resort,0,1
1851,25,193.78,7.75,112.24,4,public area,0,0
906,25,516.35,20.65,37.32,13,public institution,0,1
254,25,380.41,15.22,146.24,2,restaurant,1,0
382,25,254.51,10.18,25.36,6,public area,0,1
2488,25,848.46,33.94,38.12,1,public area,0,1
1298,25,264.18,10.57,23.24,11,public parking lot,0,1
763,25,268.13,10.73,26.56,3,public institution,0,1
937,25,227.3,9.09,27.68,13,public institution,0,1
1712,25,461.05,18.44,27.88,5,public institution,0,1
974,25,351.58,14.06,191.48,6,resort,0,0
2323,25,409.99,16.4,153.6,1,public area,0,0
1015,24,256.95,10.71,570.08,2,company,0,0
864,24,257.18,10.72,25.25,12,public area,0,1
1057,24,544.66,22.69,39.46,9,market,0,1
960,24,560.22,23.34,35.46,7,public area,0,1
784,24,140.68,5.86,521.79,1,apartment,0,0
771,24,586.94,24.46,35.46,3,public area,0,1
385,24,447.05,18.63,33.33,4,public institution,0,1
1104,24,357.74,14.91,30.0,15,market,0,1
1733,24,550.76,22.95,52.08,6,public institution,0,1
880,24,457.73,19.07,37.96,8,sightseeing,0,1
873,24,437.03,18.21,37.62,16,public area,0,1
908,24,495.15,20.63,35.25,6,public area,0,1
706,24,301.82,12.58,126.71,16,resort,0,0
1503,23,537.12,23.35,30.74,9,public area,0,1
1186,23,852.08,37.05,58.35,2,company,0,1
1184,23,428.64,18.64,71.0,4,apartment,1,0
1291,23,390.29,16.97,70.91,2,apartment,0,1
768,23,420.15,18.27,31.87,17,hotel,0,1
1083,23,367.18,15.96,37.52,4,public institution,0,1
1156,23,235.47,10.24,97.35,2,apartment,0,0
91,23,557.8,24.25,222.48,4,hotel,1,0
1891,23,26.83,1.17,22.48,1,public area,0,0
948,23,212.2,9.23,121.26,5,public institution,0,0
479,23,283.61,12.33,142.91,6,hotel,1,0
1217,23,215.97,9.39,176.91,2,company,0,0
1971,23,533.77,23.21,31.74,4,public institution,0,1
816,23,167.7,7.29,124.87,4,public institution,0,0
1467,23,371.07,16.13,35.13,9,company,0,1
979,23,328.71,14.29,19.74,6,public institution,0,1
1462,23,485.68,21.12,25.83,9,public area,0,1
1251,23,388.73,16.9,36.57,13,public institution,0,1
1138,22,238.74,10.85,25.91,11,public area,0,1
549,22,317.43,14.43,27.95,7,public area,0,1
968,22,546.92,24.86,28.91,11,public area,0,1
1620,22,410.26,18.65,40.14,2,public area,0,1
1615,22,431.19,19.6,33.27,7,public area,0,1
627,22,304.68,13.85,25.82,8,public parking lot,0,1
826,22,323.13,14.69,22.82,6,public area,0,1
678,22,341.01,15.5,32.82,7,public parking lot,0,1
840,22,170.95,7.77,26.77,7,company,0,1
1204,22,96.54,4.39,73.45,7,public area,0,0
1570,22,242.67,11.03,32.36,7,public parking lot,0,1
2015,22,546.6,24.85,228.64,2,public institution,0,0
774,22,404.35,18.38,38.18,11,market,0,1
2306,21,179.86,8.56,127.14,6,resort,0,0
2315,21,392.94,18.71,30.81,7,public institution,0,1
520,21,439.76,20.94,116.14,4,public area,1,0
2162,21,374.39,17.83,624.52,5,resort,0,0
1412,21,508.76,24.23,30.62,15,public area,0,1
1080,21,130.3,6.2,69.33,11,sightseeing,0,0
2206,21,357.4,17.02,174.43,1,apartment,0,0
1460,21,175.5,8.36,110.9,9,public area,0,0
842,21,468.77,22.32,37.19,14,public area,0,1
991,21,91.97,4.38,11.05,1,public institution,0,1
1222,21,638.03,30.38,294.52,2,apartment,0,0
833,21,251.31,11.97,20.19,11,market,0,1
956,21,148.3,7.06,64.48,10,public institution,0,0
1178,21,260.8,12.42,148.14,5,public institution,0,0
919,21,437.63,20.84,44.38,19,sightseeing,0,1
723,21,395.3,18.82,166.67,2,public institution,0,0
570,21,187.56,8.93,28.67,12,public institution,0,1
1089,21,101.45,4.83,22.43,8,public institution,0,1
1321,21,415.35,19.78,35.29,3,public institution,0,1
2114,20,237.04,11.85,206.35,9,resort,0,0
515,20,214.6,10.73,133.0,17,sightseeing,0,0
1556,20,422.15,21.11,32.8,17,sightseeing,0,1
844,20,354.48,17.72,30.5,8,sightseeing,0,1
452,20,202.9,10.14,21.7,4,public area,0,1
1521,20,375.39,18.77,24.35,14,sightseeing,0,1
1018,20,256.56,12.83,321.1,5,resort,0,0
1882,20,178.55,8.93,121.85,15,public area,0,0
363,20,384.93,19.25,32.4,14,public parking lot,0,1
1078,20,254.63,12.73,26.75,4,public area,0,1
561,20,288.49,14.42,27.45,10,public institution,0,1
1394,20,162.04,8.1,109.15,15,public parking lot,0,0
729,20,362.08,18.1,56.9,1,company,0,1
1405,20,423.52,21.18,33.35,12,public parking lot,0,1
399,20,444.35,22.22,43.95,4,company,0,1
621,20,571.57,28.58,55.25,14,restaurant,0,1
475,20,427.65,21.38,211.5,2,public area,1,0
477,20,269.2,13.46,159.2,4,apartment,1,0
590,20,488.94,24.45,39.75,19,market,0,1
1293,20,328.83,16.44,34.65,3,apartment,0,1
1697,20,290.21,14.51,21.05,7,public institution,0,1
2229,20,536.02,26.8,79.4,4,market,0,1
1223,20,523.04,26.15,257.05,2,apartment,0,0
1876,20,945.91,47.3,113.6,2,apartment,0,1
1666,19,164.98,8.68,232.84,10,hotel,0,0
851,19,93.6,4.93,86.16,18,public area,0,0
1198,19,214.4,11.28,185.63,2,public institution,0,0
976,19,173.5,9.13,106.37,3,public institution,0,0
1017,19,284.69,14.98,38.0,15,public area,0,1
799,19,123.15,6.48,90.47,13,resort,0,0
1418,19,155.38,8.18,305.58,7,resort,0,0
1142,19,113.81,5.99,80.89,18,public area,0,0
598,19,356.98,18.79,28.16,15,public area,0,1
553,19,323.2,17.01,157.16,6,public institution,0,0
589,19,108.51,5.71,75.21,11,sightseeing,0,0
680,19,348.16,18.32,34.21,11,public parking lot,0,1
1192,19,243.78,12.83,131.42,15,resort,0,0
361,18,199.56,11.09,33.61,15,public parking lot,0,1
265,18,574.2,31.9,279.0,2,public area,1,0
1926,18,954.03,53.0,594.06,2,public parking lot,0,0
73,18,225.47,12.53,105.89,3,public area,1,0
1814,18,904.57,50.25,462.33,1,apartment,0,0
2115,18,202.13,11.23,61.67,7,apartment,0,1
929,18,443.72,24.65,43.28,17,market,0,1
746,18,181.76,10.1,28.94,6,public parking lot,0,1
718,18,303.16,16.84,185.44,10,resort,0,0
1419,18,221.4,12.3,28.94,4,public institution,0,1
1319,18,292.94,16.27,31.17,2,public institution,0,1
564,18,266.77,14.82,27.78,16,public area,0,1
568,18,346.63,19.26,30.94,6,public institution,0,1
326,18,492.65,27.37,260.56,3,public area,1,0
1295,18,494.12,27.45,51.28,6,public institution,0,1
1111,18,348.05,19.34,64.22,1,apartment,0,1
1133,18,368.98,20.5,43.17,10,public area,0,1
1254,18,132.27,7.35,117.33,6,resort,0,0
1572,18,650.0,36.11,579.89,1,apartment,0,0
1260,18,220.84,12.27,34.61,11,sightseeing,0,1
1553,18,258.94,14.39,26.83,12,restaurant,0,1
835,18,215.57,11.98,20.39,7,market,0,1
675,18,491.4,27.3,37.94,7,restaurant,0,1
811,18,158.3,8.79,99.0,13,public area,0,0
1470,18,412.6,22.92,210.0,7,public institution,0,0
391,18,344.8,19.16,224.28,1,apartment,0,0
1506,18,536.79,29.82,44.89,9,restaurant,0,1
2425,18,587.69,32.65,32.44,2,public area,0,1
2499,18,269.51,14.97,461.17,2,public institution,0,0
511,17,290.28,17.08,36.65,9,public institution,0,1
60,17,249.48,14.68,117.35,4,public area,1,0
1517,17,284.56,16.74,31.12,13,public parking lot,0,1
1224,17,591.64,34.8,43.24,8,public parking lot,0,1
120,17,322.32,18.96,166.41,2,public area,1,0
1478,17,229.27,13.49,44.35,14,public parking lot,0,1
2032,17,137.39,8.08,76.0,5,hotel,0,0
1019,17,95.47,5.62,105.88,4,restaurant,1,0
1463,17,234.81,13.81,27.71,1,apartment,0,1
623,17,250.67,14.75,26.18,5,public area,0,1
1598,17,301.97,17.76,242.71,11,resort,0,0
602,17,232.74,13.69,32.24,12,sightseeing,0,1
1165,17,317.48,18.68,73.82,5,apartment,1,0
1284,17,374.6,22.04,226.35,5,public area,0,0
1255,17,362.94,21.35,27.65,2,public area,0,1
1576,17,247.02,14.53,32.59,7,public institution,0,1
1093,17,246.27,14.49,30.47,13,sightseeing,0,1
689,17,532.21,31.31,41.65,9,market,0,1
887,17,299.58,17.62,170.59,4,company,0,0
1146,17,158.2,9.31,117.24,9,public institution,0,0
1121,17,151.67,8.92,150.88,2,apartment,0,0
612,17,191.78,11.28,20.65,6,public area,0,1
1674,17,263.14,15.48,28.06,5,public area,0,1
582,17,448.55,26.39,53.65,7,public institution,0,1
1059,17,300.2,17.66,171.94,8,public institution,0,0
405,17,294.4,17.32,34.12,4,public parking lot,0,1
1352,17,293.93,17.29,34.53,5,public institution,0,1
1297,17,185.15,10.89,29.88,8,public institution,0,1
759,17,263.54,15.5,30.71,10,public area,0,1
1316,17,184.44,10.85,480.82,2,apartment,0,0
715,17,107.94,6.35,80.82,11,resort,0,0
925,17,390.97,23.0,36.35,13,market,0,1
863,17,563.41,33.14,87.76,5,market,0,1
1125,17,329.2,19.36,37.82,1,public parking lot,0,1
450,16,381.3,23.83,35.0,7,public parking lot,0,1
1161,16,359.35,22.46,42.0,6,public institution,0,1
870,16,293.08,18.32,35.81,5,company,0,1
892,16,328.99,20.56,58.75,4,restaurant,0,1
1578,16,326.37,20.4,210.5,6,company,0,0
904,16,306.75,19.17,34.5,9,public institution,0,1
830,16,109.12,6.82,87.56,14,public area,0,0
685,16,327.0,20.44,35.25,5,public area,0,1
2503,16,146.34,9.15,152.69,2,hotel,0,0
1355,16,442.51,27.66,35.19,9,company,0,1
152,16,351.14,21.95,196.19,2,public institution,1,0
1953,16,147.6,9.22,100.31,2,apartment,0,0
1230,16,270.02,16.88,28.56,6,public parking lot,0,1
776,16,391.89,24.49,30.06,6,company,0,1
852,16,532.65,33.29,50.25,3,public parking lot,0,1
769,16,233.18,14.57,27.0,11,public area,0,1
1457,16,208.21,13.01,161.06,10,public parking lot,0,0
921,16,314.92,19.68,36.94,15,hotel,0,1
1749,16,669.72,41.86,70.44,2,apartment,0,1
1616,16,399.8,24.99,36.38,8,public area,0,1
1641,16,403.61,25.23,43.38,2,golf,0,1
1691,16,203.5,12.72,28.69,3,sightseeing,0,1
455,16,227.24,14.2,136.12,15,hotel,0,0
1046,16,294.98,18.44,28.81,4,public area,0,1
1396,16,382.09,23.88,36.88,9,public area,0,1
764,16,229.04,14.32,124.44,2,public institution,1,0
446,16,240.05,15.0,37.19,5,public institution,0,1
1084,16,491.6,30.72,53.44,10,public area,0,1
1077,16,206.4,12.9,34.38,4,public institution,0,1
1087,16,209.39,13.09,293.69,4,sightseeing,0,0
428,16,242.31,15.14,176.81,12,resort,0,0
1167,16,336.93,21.06,20.38,1,public area,0,1
1181,16,172.7,10.79,130.56,4,public area,0,0
604,16,330.91,20.68,29.06,7,public parking lot,0,1
789,16,146.2,9.14,20.88,14,public parking lot,0,1
1782,15,325.08,21.67,672.6,1,market,0,0
1120,15,124.64,8.31,132.13,3,apartment,0,0
888,15,526.46,35.1,400.93,8,public area,0,0
1468,15,195.24,13.02,26.0,3,market,0,1
119,15,206.56,13.77,124.0,2,public institution,1,0
467,15,265.65,17.71,24.87,6,resort,0,1
2016,15,236.21,15.75,33.6,3,public area,0,1
1532,15,249.46,16.63,24.13,4,public area,0,1
2606,15,145.57,9.7,163.0,1,apartment,0,0
234,15,290.17,19.34,193.13,4,hotel,1,0
514,15,154.58,10.31,134.27,12,resort,0,0
390,15,288.5,19.23,232.0,1,apartment,0,0
2303,15,210.64,14.04,718.2,1,apartment,0,0
1406,15,238.23,15.88,33.47,5,public institution,0,1
1827,15,368.13,24.54,43.53,4,public parking lot,0,1
969,15,384.26,25.62,30.13,8,public area,0,1
348,15,292.67,19.51,167.87,3,public area,1,0
1327,15,455.84,30.39,48.33,8,sightseeing,0,1
1834,15,385.23,25.68,425.47,2,apartment,0,0
1324,15,300.39,20.03,30.93,6,public area,0,1
1076,15,206.78,13.79,28.87,6,public area,0,1
1411,15,298.4,19.89,177.0,10,resort,0,0
441,15,134.82,8.99,129.47,8,public area,0,0
712,15,62.48,4.17,80.47,1,resort,0,0
460,15,290.44,19.36,27.53,3,public area,0,1
1605,15,159.96,10.66,193.07,1,company,0,0
832,15,161.84,10.79,29.13,6,sightseeing,0,1
829,15,251.04,16.74,29.07,11,public institution,0,1
898,15,286.37,19.09,32.4,3,apartment,0,1
1127,15,246.59,16.44,35.2,7,public area,0,1
1448,15,169.48,11.3,34.67,3,public parking lot,0,1
1265,15,238.44,15.9,32.87,11,public area,0,1
1970,14,478.44,34.17,317.5,1,apartment,0,0
819,14,160.9,11.49,120.71,8,public area,0,0
1954,14,371.68,26.55,50.36,2,public institution,0,1
982,14,46.7,3.34,6.0,2,public institution,0,1
1853,14,229.9,16.42,184.36,1,apartment,0,0
980,14,213.73,15.27,32.43,9,public parking lot,0,1
2501,14,359.3,25.66,257.5,1,public institution,0,0
1502,14,108.75,7.77,109.57,13,public area,0,0
927,14,150.85,10.78,129.79,10,resort,0,0
716,14,146.83,10.49,105.43,12,resort,0,0
1091,14,231.57,16.54,31.36,10,public parking lot,0,1
393,14,278.1,19.86,185.29,9,public institution,0,0
412,14,238.9,17.06,31.71,5,public parking lot,0,1
362,14,321.2,22.94,215.64,9,public institution,0,0
946,14,266.23,19.02,35.14,7,public parking lot,0,1
737,14,206.66,14.76,148.5,9,resort,0,0
1450,14,162.24,11.59,30.29,6,public parking lot,0,1
1092,14,130.0,9.29,161.21,2,public area,0,0
755,14,335.36,23.95,54.07,10,public institution,0,1
279,14,144.0,10.29,112.0,4,hotel,1,0
1100,14,201.85,14.42,27.93,6,public institution,0,1
1101,14,87.27,6.23,13.86,4,market,0,1
2083,14,126.66,9.05,95.79,2,resort,0,0
889,14,367.83,26.27,39.57,5,public parking lot,0,1
1134,14,147.3,10.52,69.43,2,apartment,0,1
861,14,190.2,13.59,234.86,7,public area,0,0
252,14,250.04,17.86,157.93,2,public area,1,0
634,14,133.81,9.56,96.93,2,apartment,0,0
669,14,239.05,17.08,31.43,10,sightseeing,0,1
1591,14,65.11,4.65,49.29,12,restaurant,0,0
622,14,269.62,19.26,30.0,7,public parking lot,0,1
1688,14,514.18,36.73,94.21,5,public area,0,1
688,14,276.8,19.77,37.79,6,public parking lot,0,1
834,14,235.98,16.86,38.29,7,public institution,0,1
411,14,346.2,24.73,33.57,7,sightseeing,0,1
1307,14,128.93,9.21,189.43,4,public area,0,0
2325,13,115.78,8.91,26.38,5,public institution,0,1
1929,13,756.56,58.2,626.54,2,public parking lot,0,0
506,13,392.1,30.16,57.15,11,resort,0,1
989,13,155.2,11.94,23.38,5,apartment,0,1
1034,13,202.18,15.55,31.85,12,public parking lot,0,1
1871,13,128.1,9.85,101.31,10,hotel,0,1
1860,13,579.58,44.58,54.69,2,public institution,0,1
839,13,162.04,12.46,27.46,11,public institution,0,1
1194,13,107.45,8.27,95.31,5,public institution,0,0
1234,13,263.2,20.25,37.0,3,public institution,0,1
1472,13,148.86,11.45,23.85,9,public area,0,1
1202,13,103.0,7.92,103.62,7,public institution,0,0
1212,13,118.55,9.12,145.38,5,resort,0,0
1512,13,115.96,8.92,261.54,7,hotel,0,0
1504,13,239.71,18.44,35.38,7,public institution,0,1
668,13,396.4,30.49,50.0,9,market,0,1
609,13,121.57,9.35,15.0,9,sightseeing,0,1
1604,13,124.0,9.54,121.85,5,public institution,0,0
1446,13,130.8,10.06,104.23,6,public institution,0,0
1263,13,281.02,21.62,33.77,7,public parking lot,0,1
417,13,141.95,10.92,15.77,4,public parking lot,0,1
1137,13,182.89,14.07,34.46,7,public parking lot,0,1
1606,13,136.78,10.52,196.62,1,company,0,0
1659,13,151.59,11.66,31.08,8,public parking lot,0,1
1631,13,81.17,6.24,83.85,12,sightseeing,0,0
891,13,314.28,24.18,41.23,8,market,0,1
1577,13,189.01,14.54,148.92,4,company,0,0
448,13,123.0,9.46,21.0,8,public institution,0,1
2051,13,191.24,14.71,29.08,3,restaurant,0,1
918,13,308.43,23.73,32.54,10,market,0,1
2064,13,92.23,7.09,132.08,11,public area,0,0
1752,13,351.18,27.01,35.31,2,public area,0,1
1759,13,245.89,18.91,25.38,10,public parking lot,0,1
443,13,189.55,14.58,30.46,8,public parking lot,0,1
543,13,322.04,24.77,34.62,7,public area,0,1
1070,13,213.3,16.41,29.85,6,market,0,1
97,13,292.42,22.49,209.92,2,hotel,1,0
727,13,235.0,18.08,170.08,1,public institution,0,0
1922,13,654.58,50.35,69.31,4,public parking lot,0,1
2126,12,50.5,4.21,82.67,4,public area,0,0
2152,12,109.0,9.08,98.58,12,public area,0,0
525,12,246.93,20.58,46.08,8,restaurant,0,1
1732,12,176.0,14.67,147.42,8,public institution,0,0
1730,12,273.34,22.78,37.42,8,restaurant,0,1
1073,12,146.38,12.2,118.0,2,resort,1,0
1698,12,272.2,22.68,33.67,4,public parking lot,0,1
387,12,162.89,13.57,27.17,8,public area,0,1
1762,12,200.47,16.71,28.75,7,public area,0,1
1727,12,125.47,10.46,143.25,8,hotel,0,0
542,12,224.02,18.67,183.42,8,resort,0,0
534,12,152.0,12.67,27.75,8,public parking lot,0,1
540,12,182.02,15.17,20.42,7,public area,0,1
1849,12,210.73,17.56,32.5,7,market,0,1
1033,12,183.1,15.26,157.58,1,apartment,0,0
563,12,235.18,19.6,37.08,11,public institution,0,1
1421,12,265.63,22.14,31.92,9,public area,0,1
697,12,142.24,11.85,19.75,5,public area,0,1
1162,12,175.71,14.64,28.33,9,public area,0,1
1369,12,242.96,20.25,35.0,7,public parking lot,0,1
676,12,241.6,20.13,21.75,4,restaurant,0,1
1141,12,117.0,9.75,113.92,10,public parking lot,0,0
687,12,200.77,16.73,38.33,7,public parking lot,0,1
1152,12,102.74,8.56,150.08,3,restaurant,0,0
1454,12,214.57,17.88,35.42,6,public institution,0,1
631,12,117.85,9.82,241.25,12,hotel,0,0
2324,12,133.14,11.1,101.42,1,public area,0,0
246,12,121.63,10.14,88.92,3,resort,1,0
635,12,492.0,41.0,355.25,3,public institution,0,0
1139,12,148.1,12.34,146.0,11,public parking lot,0,0
625,12,217.34,18.11,202.33,12,resort,0,0
1417,12,326.17,27.18,61.83,6,public area,0,1
1245,12,250.36,20.86,39.92,9,public area,0,1
409,12,247.24,20.6,31.08,5,public area,0,1
1236,12,396.01,33.0,80.25,7,public area,0,1
398,12,169.74,14.15,27.5,8,public institution,0,1
1398,12,243.92,20.33,28.83,6,public area,0,1
2396,12,225.03,18.75,32.83,5,sightseeing,0,1
1185,12,266.65,22.22,82.83,4,apartment,1,0
1277,12,273.22,22.77,28.33,10,public area,0,1
1848,11,219.91,19.99,30.27,3,public parking lot,0,1
545,11,216.76,19.71,297.27,6,public institution,0,0
1694,11,133.77,12.16,20.55,4,public area,0,1
896,11,304.7,27.7,53.27,5,market,0,1
1555,11,217.25,19.75,32.82,8,public parking lot,0,1
673,11,343.0,31.18,35.18,11,market,0,1
1524,11,166.15,15.1,36.64,6,resort,0,1
1830,11,186.2,16.93,225.0,6,resort,0,0
843,11,113.79,10.34,14.36,6,public parking lot,0,1
775,11,171.22,15.57,15.36,5,market,0,1
1261,11,257.43,23.4,37.82,6,public parking lot,0,1
2504,11,409.39,37.22,680.73,2,market,0,0
1239,11,352.24,32.02,27.36,5,public parking lot,0,1
2447,11,270.18,24.56,36.55,1,public institution,0,1
762,11,136.75,12.43,20.55,5,public institution,0,1
1377,11,421.39,38.31,29.82,2,public institution,0,1
2390,11,336.21,30.56,303.09,1,apartment,0,0
753,11,271.89,24.72,35.91,6,market,0,1
1360,11,119.06,10.82,23.45,8,public institution,0,1
1154,11,77.0,7.0,69.27,5,restaurant,0,0
725,11,204.91,18.63,37.64,8,public institution,0,1
1336,11,189.08,17.19,29.09,8,public area,0,1
1344,11,181.51,16.5,30.73,6,market,0,1
1095,11,166.04,15.09,32.73,10,sightseeing,0,1
1103,11,173.0,15.73,35.45,7,public area,0,1
1119,11,295.49,26.86,43.27,5,public area,0,1
1646,11,134.89,12.26,30.64,6,public area,0,1
368,11,219.1,19.92,185.27,7,resort,0,0
378,11,180.29,16.39,19.0,8,public institution,0,1
472,11,225.02,20.46,24.73,3,company,0,1
2086,11,154.96,14.09,19.0,4,public area,0,1
1920,11,241.38,21.94,27.18,3,public institution,0,1
507,11,260.39,23.67,25.82,9,public area,0,1
671,11,219.17,19.92,33.91,8,sightseeing,0,1
611,11,64.2,5.84,62.55,7,restaurant,0,0
917,11,264.17,24.02,41.73,9,resort,0,1
648,11,293.48,26.68,34.73,4,public institution,0,1
1466,11,124.93,11.36,25.09,8,public area,0,1
1617,11,180.78,16.43,25.36,5,public area,0,1
1199,11,93.57,8.51,364.09,1,apartment,0,0
1054,11,148.69,13.52,24.45,6,public area,0,1
949,11,184.85,16.8,32.27,6,public parking lot,0,1
1852,11,262.5,23.86,274.18,1,apartment,0,0
587,11,259.04,23.55,47.27,5,public area,0,1
1655,11,135.66,12.33,152.18,11,resort,0,0
1780,11,385.93,35.08,50.18,2,public parking lot,0,1
538,11,149.48,13.59,25.91,9,public parking lot,0,1
2255,11,95.9,8.72,149.27,2,public institution,0,0
2300,11,232.1,21.1,242.0,2,public institution,0,0
931,10,288.48,28.85,48.5,8,market,0,1
2286,10,134.3,13.43,180.7,6,resort,0,0
1731,10,127.2,12.72,141.7,5,public institution,0,0
1075,10,140.52,14.05,29.2,6,public area,0,1
930,10,163.59,16.36,148.7,8,resort,0,0
1689,10,285.02,28.5,55.6,10,resort,0,1
1235,10,337.87,33.79,97.2,5,public area,0,1
1264,10,290.64,29.06,50.4,6,sightseeing,0,1
1305,10,144.99,14.5,532.7,3,public institution,0,0
785,10,67.76,6.78,483.7,1,apartment,0,0
1333,10,256.12,25.61,41.7,5,public area,0,1
1345,10,203.61,20.36,47.6,5,company,0,1
777,10,112.9,11.29,27.0,6,public institution,0,1
1304,10,73.43,7.34,133.2,3,restaurant,0,0
1414,10,183.85,18.38,29.8,5,public area,0,1
1372,10,269.9,26.99,240.3,4,public institution,0,0
1383,10,55.84,5.58,42.5,7,restaurant,0,1
679,10,218.06,21.81,34.6,6,market,0,1
1464,10,90.5,9.05,17.0,7,public institution,0,1
1349,10,102.52,10.25,31.1,6,public institution,0,1
1341,10,129.64,12.96,177.1,9,hotel,0,0
700,10,138.32,13.83,30.7,5,public area,0,1
1525,10,135.77,13.58,21.8,9,public area,0,1
1545,10,88.78,8.88,155.5,3,company,0,0
877,10,124.96,12.5,32.3,8,public parking lot,0,1
1098,10,203.17,20.32,25.2,8,public institution,0,1
298,10,105.16,10.52,100.3,2,public area,1,0
536,10,260.44,26.04,58.0,8,public area,0,1
1482,10,85.58,8.56,35.7,2,public parking lot,0,1
1431,10,73.79,7.38,79.2,2,apartment,0,0
1430,10,95.69,9.57,128.0,4,golf,0,0
638,10,48.89,4.89,49.1,10,public area,0,0
599,10,117.84,11.78,143.7,8,resort,0,0
1593,10,353.6,35.36,43.0,6,sightseeing,0,1
912,10,206.3,20.63,34.1,7,market,0,1
897,10,292.37,29.24,51.3,9,public parking lot,0,1
1640,10,147.86,14.79,34.6,6,public area,0,1
1642,10,171.62,17.16,27.4,7,public area,0,1
1931,10,191.61,19.16,34.3,4,public parking lot,0,1
1060,10,138.52,13.85,38.5,4,market,0,1
1892,10,68.67,6.87,87.7,7,public parking lot,0,0
1061,10,275.69,27.57,58.8,8,restaurant,0,1
1037,10,88.11,8.81,22.9,4,apartment,0,1
1819,10,58.4,5.84,72.4,6,public institution,0,0
926,10,275.35,27.53,37.4,8,market,0,1
2311,10,92.8,9.28,91.2,2,apartment,0,0
575,10,76.45,7.64,94.2,6,resort,0,0
924,10,260.89,26.09,38.4,8,market,0,1
2137,10,75.91,7.59,137.1,3,public institution,0,0
462,10,125.1,12.51,106.2,6,public institution,0,0
1992,10,61.47,6.15,85.6,3,resort,0,0
2084,10,160.91,16.09,19.6,4,public area,0,1
2087,10,116.65,11.66,366.2,5,resort,0,0
988,10,156.13,15.61,29.6,9,public parking lot,0,1
940,10,255.89,25.59,36.8,2,public area,0,1
518,10,75.8,7.58,82.9,8,sightseeing,0,0
1982,10,79.14,7.91,84.5,3,golf,0,1
1029,10,126.99,12.7,23.7,5,public institution,0,1
1991,9,145.09,16.12,174.0,2,public area,1,0
1967,9,115.37,12.82,237.56,2,apartment,0,0
498,9,145.4,16.16,166.33,2,public area,0,0
1983,9,59.13,6.57,66.22,8,public area,0,0
1923,9,257.92,28.66,61.11,2,public parking lot,0,1
505,9,116.38,12.93,193.44,5,resort,0,0
504,9,213.46,23.72,23.44,6,public institution,0,1
959,9,167.49,18.61,32.67,7,public area,0,1
517,9,144.38,16.04,208.89,8,public parking lot,0,0
1925,9,237.29,26.37,90.44,1,apartment,0,1
521,9,176.09,19.57,36.22,4,public area,0,1
523,9,265.13,29.46,53.22,5,public area,0,1
1660,9,230.59,25.62,25.78,4,public parking lot,0,1
1657,9,68.13,7.57,102.89,9,hotel,0,0
1695,9,200.97,22.33,255.44,3,company,0,0
1741,9,172.62,19.18,27.0,6,public institution,0,1
1739,9,318.26,35.36,568.33,4,company,0,0
2485,9,98.34,10.93,35.44,3,sightseeing,0,1
1911,9,189.22,21.02,32.44,3,public institution,0,1
1023,9,145.0,16.11,160.89,8,public institution,0,0
1897,9,155.1,17.23,33.22,9,public area,0,1
439,9,171.16,19.02,33.22,6,hotel,0,1
972,9,235.45,26.16,32.11,5,public institution,0,1
2230,9,59.29,6.59,195.89,3,restaurant,0,0
1833,9,185.61,20.62,476.33,1,apartment,0,0
1828,9,49.49,5.5,54.89,9,restaurant,0,0
1817,9,260.1,28.9,34.33,4,company,0,1
1768,9,69.08,7.68,20.22,3,public area,0,1
438,9,131.93,14.66,30.11,4,public institution,0,1
1913,9,207.63,23.07,32.11,4,public institution,0,1
1873,9,46.48,5.16,68.22,6,restaurant,0,0
1883,9,44.35,4.93,55.89,3,public area,0,0
1978,9,73.3,8.14,75.33,1,public institution,0,0
1639,9,124.18,13.8,443.44,5,hotel,0,0
1638,9,164.68,18.3,33.67,8,public area,0,1
632,9,88.0,9.78,98.0,2,apartment,0,0
629,9,52.44,5.83,77.44,5,resort,0,0
606,9,295.59,32.84,58.78,7,resort,0,1
894,9,152.08,16.9,190.78,2,restaurant,0,0
656,9,117.5,13.06,121.22,8,hotel,0,1
1579,9,384.05,42.67,89.11,1,public institution,0,1
1582,9,202.85,22.54,38.67,4,public institution,0,1
1584,9,125.78,13.98,33.22,5,resort,0,1
1585,9,115.68,12.85,150.67,5,resort,0,0
1447,9,126.43,14.05,21.78,4,public institution,0,1
1436,9,259.94,28.88,25.0,6,bus garage,0,1
684,9,202.65,22.52,186.11,5,public parking lot,0,1
693,9,179.97,20.0,32.56,8,public area,0,1
2362,9,105.3,11.7,207.22,1,public institution,0,0
657,9,156.93,17.44,29.89,5,public parking lot,0,1
1497,9,136.09,15.12,595.33,1,apartment,0,0
1494,9,193.06,21.45,849.78,1,apartment,0,0
1513,9,256.03,28.45,52.22,9,hotel,0,1
309,9,138.4,15.38,144.89,3,golf,1,0
639,9,224.37,24.93,34.78,4,company,0,1
1169,9,135.58,15.06,28.67,5,public institution,0,1
707,9,86.8,9.64,123.78,4,company,0,0
705,9,115.5,12.83,189.56,6,resort,0,0
702,9,237.09,26.34,57.56,9,market,0,1
1393,9,88.1,9.79,128.11,9,resort,0,0
1340,9,197.61,21.96,294.0,8,hotel,0,0
1334,9,214.03,23.78,31.67,4,public parking lot,0,1
1361,9,201.16,22.35,35.44,9,sightseeing,0,1
846,9,158.9,17.66,38.33,6,public area,0,1
2411,9,90.84,10.09,212.22,1,public institution,0,0
1189,9,54.46,6.05,68.0,5,company,0,0
836,9,120.7,13.41,32.0,9,public parking lot,0,1
406,9,37.42,4.16,61.33,2,apartment,0,0
1303,9,58.28,6.48,94.78,4,restaurant,0,0
1322,9,149.49,16.61,35.44,7,public area,0,1
815,9,87.6,9.73,126.11,7,public institution,0,0
821,9,133.8,14.87,203.22,4,public institution,0,0
823,9,83.45,9.27,133.78,9,sightseeing,0,0
2414,9,156.02,17.34,187.11,1,apartment,0,1
824,9,107.14,11.9,166.78,8,resort,0,0
1237,9,189.93,21.1,35.22,2,public institution,0,1
2605,8,86.7,10.84,180.25,1,apartment,0,0
1563,8,68.71,8.59,106.0,5,resort,0,0
1547,8,87.07,10.88,173.75,3,public parking lot,0,0
2570,8,97.28,12.16,286.12,1,apartment,0,0
869,8,190.11,23.76,38.0,8,restaurant,0,1
2320,8,55.99,7.0,13.25,6,market,0,1
2208,8,132.02,16.5,26.88,3,public parking lot,0,1
2191,8,116.61,14.58,157.0,5,hotel,0,0
1035,8,60.2,7.52,73.0,7,sightseeing,0,0
1274,8,108.22,13.53,22.62,6,hotel,0,1
1259,8,87.06,10.88,24.88,6,public area,0,1
782,8,45.25,5.66,164.88,7,hotel,0,0
1249,8,115.93,14.49,39.38,5,camping,0,1
560,8,110.47,13.81,37.25,4,public institution,0,1
546,8,206.76,25.84,46.0,8,public parking lot,0,1
421,8,110.29,13.79,18.38,3,public area,0,1
509,8,153.66,19.21,42.75,6,public area,0,1
711,8,107.48,13.44,157.75,6,company,0,0
1451,8,149.85,18.73,27.5,5,public area,0,1
1050,8,56.4,7.05,34.25,7,restaurant,0,1
1634,8,197.6,24.7,235.25,4,public area,0,0
1765,8,222.7,27.84,247.0,1,public institution,0,0
1486,8,232.96,29.12,44.5,3,public institution,0,1
1505,8,252.96,31.62,28.25,4,public institution,0,1
1309,8,47.57,5.95,307.75,7,hotel,0,0
778,8,268.18,33.52,21.88,7,market,0,1
780,8,233.62,29.2,52.62,7,market,0,1
895,8,32.98,4.12,58.0,7,company,0,0
1117,8,178.74,22.34,36.0,5,sightseeing,0,1
1300,8,186.65,23.33,337.75,5,golf,0,0
1020,8,111.19,13.9,21.38,6,sightseeing,0,1
526,8,59.02,7.38,88.38,8,restaurant,0,0
1353,8,165.79,20.72,38.0,2,public institution,0,1
403,8,48.72,6.09,60.0,8,sightseeing,0,0
1395,8,35.39,4.42,50.38,8,sightseeing,0,0
1357,8,139.07,17.38,48.88,8,sightseeing,0,1
717,8,164.8,20.6,247.88,7,resort,0,0
458,8,130.33,16.29,30.0,4,public institution,0,1
1407,8,151.96,19.0,34.75,5,public parking lot,0,1
1378,8,69.17,8.65,24.38,3,company,0,1
941,8,70.0,8.75,101.75,7,public institution,0,0
2066,8,225.36,28.17,25.25,4,public institution,0,1
2077,8,151.05,18.88,36.38,5,market,0,1
1879,8,150.67,18.83,32.62,8,public area,0,1
876,8,129.51,16.19,23.5,8,market,0,1
2076,8,135.67,16.96,32.62,4,public area,0,1
2096,8,71.5,8.94,92.25,2,apartment,0,0
1079,8,98.44,12.3,30.75,2,public institution,0,1
1934,8,106.1,13.26,124.62,5,public area,0,0
847,8,98.1,12.26,32.38,6,public area,0,1
1672,8,122.5,15.31,25.5,3,public institution,0,1
2012,8,293.78,36.72,53.0,1,company,0,1
1612,8,85.19,10.65,381.75,1,company,0,0
710,8,53.75,6.72,105.62,3,company,0,0
1469,8,165.49,20.69,26.0,5,public institution,0,1
1613,8,118.75,14.84,24.75,8,market,0,1
1456,8,104.93,13.12,27.12,7,public institution,0,1
1652,8,78.94,9.87,24.62,4,public area,0,1
1109,8,62.77,7.85,24.25,3,public institution,0,1
1090,8,152.31,19.04,36.0,5,public area,0,1
787,8,52.41,6.55,93.25,6,restaurant,0,0
416,8,88.6,11.08,25.75,7,public institution,0,1
730,8,58.96,7.37,91.75,8,public area,0,0
2018,8,190.0,23.75,220.88,1,public area,0,0
911,8,71.4,8.93,82.88,4,public institution,0,0
916,8,272.28,34.03,46.0,7,market,0,1
935,8,106.66,13.33,649.88,5,hotel,0,0
1673,8,153.56,19.2,27.5,5,public area,0,1
1703,8,125.09,15.64,33.12,5,company,0,1
1709,8,236.67,29.58,27.5,4,public area,0,1
708,8,148.97,18.62,170.5,6,resort,0,0
1665,8,98.0,12.25,121.25,4,public area,0,0
1148,8,55.15,6.89,66.62,3,public area,0,0
1244,7,232.36,33.19,31.0,4,public parking lot,0,1
961,7,45.63,6.52,59.57,3,public institution,0,0
1568,7,269.3,38.47,328.71,1,public institution,0,0
1560,7,70.2,10.03,112.86,6,resort,0,0
1516,7,48.03,6.86,77.29,7,sightseeing,0,0
1523,7,216.73,30.96,52.86,7,sightseeing,0,1
975,7,53.4,7.63,85.43,5,public area,0,0
986,7,31.7,4.53,55.57,2,public institution,0,0
994,7,47.74,6.82,14.86,3,public institution,0,1
993,7,118.7,16.96,31.0,5,public area,0,1
1011,7,99.97,14.28,34.71,1,public area,0,1
1247,7,107.03,15.29,28.0,5,public institution,0,1
1038,7,15.38,2.2,6.57,4,apartment,0,1
1287,7,40.0,5.71,87.29,5,public area,0,0
2326,7,62.69,8.96,13.71,5,sightseeing,0,1
2544,7,72.65,10.38,112.86,1,apartment,0,0
2587,7,174.88,24.98,42.29,4,sightseeing,0,1
1022,7,111.29,15.9,31.86,6,public institution,0,1
2135,7,36.09,5.16,71.29,7,sightseeing,0,0
388,7,180.16,25.74,43.29,6,public institution,0,1
383,7,172.09,24.58,38.43,4,restaurant,0,1
1825,7,162.15,23.16,259.29,4,golf,0,0
1829,7,46.84,6.69,93.14,4,hotel,0,0
510,7,128.96,18.42,30.86,7,resort,0,1
1643,7,102.68,14.67,35.43,6,hotel,0,1
1149,7,8.28,1.18,28.71,1,market,0,0
1317,7,66.26,9.47,355.57,2,apartment,0,0
1757,7,74.59,10.66,37.0,6,restaurant,0,1
1747,7,46.47,6.64,110.86,4,public parking lot,0,0
1172,7,94.66,13.52,126.86,1,apartment,0,0
2003,7,193.29,27.61,55.14,2,public area,0,1
1453,7,96.5,13.79,135.14,6,public institution,0,0
749,7,89.55,12.79,20.71,4,public parking lot,0,1
1211,7,55.36,7.91,143.29,5,resort,0,0
1203,7,45.23,6.46,107.14,1,public area,0,0
838,7,48.22,6.89,25.71,5,public institution,0,1
2008,7,92.0,13.14,31.29,4,public institution,0,1
2049,7,142.58,20.37,222.71,3,apartment,0,0
2048,7,173.66,24.81,342.0,3,apartment,0,0
1797,7,54.95,7.85,123.71,7,sightseeing,0,1
1790,7,99.81,14.26,236.57,1,public parking lot,0,0
1789,7,139.85,19.98,335.43,3,apartment,0,0
1783,7,140.66,20.09,324.43,2,restaurant,0,0
1118,7,145.81,20.83,56.0,5,public parking lot,0,1
1773,7,150.89,21.56,30.29,4,public institution,0,1
501,7,99.63,14.23,52.29,7,sightseeing,0,1
618,7,105.7,15.1,209.14,4,public institution,0,0
2173,7,89.85,12.84,27.57,3,public area,0,1
1601,7,226.4,32.34,37.57,5,public area,0,1
1311,7,168.31,24.04,40.57,7,sightseeing,0,1
1484,7,72.9,10.41,135.57,3,public institution,0,0
1968,7,108.78,15.54,291.71,1,apartment,0,0
1449,7,160.76,22.97,32.57,6,public area,0,1
909,7,61.72,8.82,139.14,4,restaurant,0,0
516,7,84.29,12.04,219.14,4,hotel,0,1
1707,7,227.08,32.44,45.43,3,hotel,0,1
1701,7,72.1,10.3,185.86,2,hotel,0,0
1166,7,183.87,26.27,36.86,1,apartment,0,1
1401,7,155.79,22.26,39.57,5,public area,0,1
1164,7,145.94,20.85,35.43,4,resort,0,0
1179,7,176.1,25.16,236.86,4,public area,0,0
736,7,191.63,27.38,36.29,6,hotel,0,1
858,7,101.86,14.55,37.14,7,public parking lot,0,1
566,7,184.95,26.42,40.0,3,public institution,0,1
734,7,54.86,7.84,94.14,5,hotel,0,1
1331,7,122.33,17.48,193.29,6,resort,0,1
1332,7,124.3,17.76,34.0,7,public parking lot,0,1
2019,7,163.18,23.31,42.29,4,public area,0,1
692,7,83.39,11.91,30.14,6,public area,0,1
849,7,273.76,39.11,366.29,2,public area,0,0
574,7,78.22,11.17,241.0,5,resort,0,0
457,7,97.89,13.98,27.29,4,public area,0,1
2148,7,90.32,12.9,22.71,3,public area,0,1
586,7,27.5,3.93,38.14,7,sightseeing,0,0
1408,7,186.06,26.58,32.43,7,public area,0,1
726,7,29.23,4.18,12.86,4,public area,0,1
1375,7,204.25,29.18,32.57,3,company,0,1
137,7,67.65,9.66,91.71,2,public area,1,0
2207,7,130.2,18.6,203.71,1,apartment,0,0
1252,7,154.12,22.02,34.14,6,public area,0,1
809,7,140.37,20.05,209.57,3,hotel,1,0
984,7,10.7,1.53,27.0,2,public institution,0,0
2121,7,104.45,14.92,187.71,7,public parking lot,0,0
1854,7,124.57,17.8,37.57,5,company,0,1
1231,7,200.13,28.59,38.0,7,sightseeing,0,1
1831,7,29.14,4.16,54.71,7,sightseeing,0,0
2218,7,22.39,3.2,44.43,5,market,0,0
2141,6,306.1,51.02,451.5,1,apartment,0,0
810,6,131.76,21.96,243.33,5,resort,0,0
1229,6,145.48,24.25,13.33,6,market,0,1
1862,6,101.5,16.92,199.0,4,public area,0,0
576,6,77.82,12.97,152.83,4,resort,0,0
923,6,176.89,29.48,41.17,5,public area,0,1
1415,6,113.4,18.9,26.33,4,market,0,1
1737,6,103.03,17.17,27.5,5,public institution,0,1
1702,6,183.53,30.59,34.5,1,bus garage,0,1
1397,6,135.39,22.56,45.5,4,market,0,1
365,6,75.34,12.56,20.5,5,public area,0,1
1085,6,183.16,30.53,61.5,6,public area,0,1
1608,6,65.13,10.85,195.67,2,company,0,0
1097,6,130.93,21.82,44.5,6,public parking lot,0,1
620,6,78.99,13.16,121.5,2,public parking lot,0,0
1767,6,96.36,16.06,22.0,6,market,0,1
1423,6,250.38,41.73,372.67,1,apartment,0,0
1661,6,40.04,6.67,88.0,6,sightseeing,0,0
1343,6,117.98,19.66,30.0,1,public parking lot,0,1
2020,6,93.26,15.54,35.33,5,public parking lot,0,1
1722,6,59.24,9.87,119.17,6,public area,0,0
1420,6,49.5,8.25,19.83,5,public area,0,1
1180,6,84.79,14.13,144.17,6,public area,0,0
1744,6,117.6,19.6,35.5,5,market,0,1
1740,6,153.16,25.53,31.5,2,public area,0,1
1348,6,100.71,16.78,32.0,6,market,0,1
1346,6,9.14,1.52,32.17,3,public area,0,0
1671,6,17.08,2.85,36.5,3,public institution,0,0
1746,6,103.3,17.22,32.33,5,public parking lot,0,1
2285,6,33.07,5.51,109.17,2,company,0,0
850,6,165.82,27.64,60.83,3,public parking lot,0,1
1557,6,150.73,25.12,47.83,4,public area,0,1
1561,6,156.82,26.14,71.67,5,sightseeing,0,1
958,6,26.3,4.38,44.67,3,public institution,0,0
813,6,21.0,3.5,50.17,6,public institution,0,0
1846,6,138.01,23.0,250.0,3,golf,0,0
1028,6,55.92,9.32,64.83,4,company,0,0
444,6,110.41,18.4,35.0,2,public area,0,1
1859,6,116.88,19.48,34.33,5,resort,0,1
1550,6,75.12,12.52,154.83,4,public parking lot,0,0
1238,6,122.66,20.44,32.0,4,public area,0,1
901,6,185.2,30.87,33.5,4,restaurant,0,1
899,6,88.68,14.78,30.67,6,sightseeing,0,1
902,6,101.8,16.97,80.5,6,public area,0,1
1540,6,198.84,33.14,314.5,1,company,0,0
1016,6,37.5,6.25,15.83,5,sightseeing,0,1
1268,6,28.82,4.8,411.17,3,resort,0,0
652,6,98.23,16.37,38.17,1,company,0,1
528,6,172.94,28.82,41.5,5,public area,0,1
1021,6,80.26,13.38,210.33,1,apartment,0,0
2007,6,95.32,15.89,34.83,5,public parking lot,0,1
756,6,128.46,21.41,20.67,3,public area,0,1
1068,6,180.54,30.09,42.17,5,market,0,1
2279,6,90.9,15.15,142.33,2,apartment,0,0
418,6,147.31,24.55,86.0,3,public institution,0,1
1764,6,64.09,10.68,172.5,2,hotel,0,0
1051,6,57.0,9.5,22.33,3,public institution,0,1
862,6,115.59,19.26,29.33,4,public institution,0,1
2292,6,64.24,10.71,172.83,3,resort,0,0
868,6,50.91,8.48,24.5,4,public area,0,1
1427,6,52.2,8.7,94.67,4,public institution,0,0
1429,6,36.5,6.08,118.67,2,golf,0,0
2301,6,102.5,17.08,190.83,2,public institution,0,0
752,6,108.09,18.02,30.67,3,public area,0,1
496,6,89.53,14.92,150.67,2,public area,0,0
1009,6,72.17,12.03,21.0,3,sightseeing,0,1
601,6,160.34,26.72,26.17,5,public parking lot,0,1
1276,6,169.79,28.3,41.83,6,public area,0,1
761,6,163.07,27.18,23.5,6,market,0,1
1981,6,84.69,14.12,40.0,1,public institution,0,1
659,6,48.7,8.12,78.83,6,sightseeing,0,0
2065,6,112.39,18.73,31.17,1,apartment,0,1
2062,6,24.55,4.09,61.0,6,public area,0,0
1310,6,125.32,20.89,30.83,4,public institution,0,1
2031,6,137.47,22.91,230.33,2,apartment,0,0
781,6,179.56,29.93,105.83,1,sightseeing,0,1
1629,6,119.36,19.89,29.5,4,market,0,1
1602,6,105.66,17.61,38.17,6,hotel,0,1
1603,6,155.22,25.87,416.83,3,resort,0,0
1898,5,124.86,24.97,27.8,2,public area,0,1
767,5,109.93,21.99,43.2,3,market,0,1
2080,5,106.36,21.27,34.2,2,apartment,0,1
1705,5,107.96,21.59,32.8,5,public area,0,1
1215,5,45.35,9.07,133.6,5,public parking lot,0,0
1250,5,24.0,4.8,57.8,5,sightseeing,0,0
1726,5,95.0,19.0,173.2,5,hotel,0,0
595,5,124.18,24.84,57.2,4,sightseeing,0,1
1546,5,32.44,6.49,118.2,4,public parking lot,0,0
1541,5,115.52,23.1,37.4,4,public area,0,1
1575,5,125.32,25.06,47.4,2,public parking lot,0,1
1587,5,92.89,18.58,29.6,5,public institution,0,1
983,5,31.39,6.28,18.6,3,public area,0,1
2120,5,19.42,3.88,63.6,4,restaurant,0,0
2106,5,33.59,6.72,63.8,5,restaurant,0,0
803,5,22.88,4.58,69.6,5,sightseeing,0,0
831,5,37.09,7.42,20.6,4,public parking lot,0,1
1171,5,94.25,18.85,35.2,3,public parking lot,0,1
1370,5,90.35,18.07,34.8,5,public parking lot,0,1
392,5,82.41,16.48,219.2,1,public institution,0,0
1997,5,34.32,6.86,76.4,5,sightseeing,0,0
1094,5,50.18,10.04,100.8,3,hotel,0,0
1145,5,32.3,6.46,75.0,5,public institution,0,0
1065,5,73.3,14.66,37.2,3,public institution,0,1
1318,5,52.7,10.54,187.8,3,public institution,0,0
695,5,39.6,7.92,97.0,3,restaurant,0,0
2298,5,123.04,24.61,56.6,3,market,0,1
2014,5,47.31,9.46,16.8,4,public institution,0,1
1755,5,81.33,16.27,113.8,4,hotel,0,0
1219,5,37.99,7.6,79.6,5,public parking lot,0,0
1904,5,31.29,6.26,88.6,4,company,0,0
1315,5,13.7,2.74,24.6,2,public institution,0,0
743,5,46.67,9.33,103.4,5,public area,0,0
2475,5,47.45,9.49,170.2,4,restaurant,0,0
1183,5,84.7,16.94,157.2,3,public institution,0,0
562,5,72.45,14.49,29.6,5,public institution,0,1
2150,5,117.16,23.43,34.6,4,public institution,0,1
856,5,108.81,21.76,30.4,5,hotel,0,1
1424,5,215.35,43.07,573.0,1,company,0,0
739,5,44.76,8.95,87.4,5,public area,0,0
1937,5,17.61,3.52,9.8,2,public institution,0,1
1952,5,49.0,9.8,133.0,2,apartment,0,0
2391,5,47.69,9.54,84.0,1,hotel,0,0
1366,5,123.83,24.77,39.6,5,market,0,1
2023,5,103.31,20.66,280.4,5,hotel,0,0
2024,5,22.9,4.58,44.0,4,sightseeing,0,0
1644,5,56.62,11.32,28.0,5,public institution,0,1
1745,5,56.92,11.38,21.2,4,restaurant,0,1
1491,5,95.27,19.05,39.6,4,market,0,1
1495,5,111.74,22.35,874.6,1,apartment,0,0
1126,5,115.32,23.06,36.6,3,public parking lot,0,1
881,5,101.47,20.29,29.2,4,sightseeing,0,1
1246,5,98.13,19.63,31.8,5,public area,0,1
633,5,66.2,13.24,122.6,3,public institution,0,0
786,5,41.19,8.24,709.0,1,apartment,0,0
2045,5,74.36,14.87,26.2,4,public area,0,1
614,5,62.24,12.45,122.8,4,public area,0,0
1140,5,64.16,12.83,156.8,5,public parking lot,0,0
1973,5,127.36,25.47,67.0,3,public area,0,1
1623,5,69.42,13.88,164.2,2,apartment,0,0
893,5,68.47,13.69,185.4,5,resort,0,0
2360,5,25.14,5.03,89.6,3,sightseeing,0,0
681,5,50.83,10.17,19.2,2,public institution,0,1
537,5,33.56,6.71,24.8,5,public parking lot,0,1
1801,5,101.78,20.36,53.4,5,public area,0,1
947,5,101.56,20.31,49.6,5,company,0,1
954,5,70.26,14.05,32.0,2,public parking lot,0,1
1844,5,172.97,34.59,559.2,1,apartment,0,0
1964,5,34.6,6.92,74.4,5,public area,0,0
1013,5,55.67,11.13,34.6,4,market,0,1
2332,5,47.6,9.52,137.4,2,hotel,0,0
1281,5,42.6,8.52,94.4,4,apartment,0,0
381,5,92.04,18.41,29.8,3,public area,0,1
1533,5,118.47,23.69,34.0,5,public parking lot,0,1
890,5,117.86,23.57,245.8,3,company,0,0
1551,5,156.71,31.34,333.2,5,public parking lot,0,0
1857,5,66.99,13.4,28.6,4,public area,0,1
1000,5,95.04,19.01,30.6,4,public area,0,1
2540,5,132.4,26.48,302.8,2,public institution,0,0
992,5,18.0,3.6,61.2,2,public institution,0,0
985,4,19.86,4.96,34.25,2,apartment,0,1
987,4,17.8,4.45,90.5,3,public institution,0,0
1889,4,53.85,13.46,189.75,4,sightseeing,0,0
2577,4,134.8,33.7,327.5,1,public institution,0,0
820,4,41.1,10.28,177.5,1,public institution,0,0
814,4,37.9,9.48,85.5,3,public institution,0,0
2081,4,72.85,18.21,164.25,2,apartment,0,0
2209,4,18.5,4.62,19.75,4,market,0,1
440,4,109.15,27.29,42.0,4,restaurant,0,1
1025,4,21.99,5.5,14.0,3,public area,0,1
1052,4,26.24,6.56,14.0,2,public institution,0,1
1049,4,54.96,13.74,28.0,3,market,0,1
944,4,55.58,13.9,155.0,4,public area,0,0
965,4,40.75,10.19,32.0,1,company,0,1
2336,4,137.64,34.41,35.0,2,public parking lot,0,1
2327,4,71.15,17.79,37.25,3,market,0,1
874,4,100.12,25.03,32.25,3,restaurant,0,1
650,4,80.9,20.23,33.0,3,public institution,0,1
1821,4,13.6,3.4,55.25,2,public institution,0,0
1812,4,28.85,7.21,106.25,3,public area,0,0
1803,4,29.21,7.3,24.0,3,public institution,0,1
2042,4,28.44,7.11,86.75,4,public area,0,0
1243,4,85.73,21.43,43.25,3,public area,0,1
2033,4,22.48,5.62,97.5,2,restaurant,0,0
2050,4,59.68,14.92,28.75,2,apartment,0,1
608,4,95.49,23.87,43.5,3,public parking lot,0,1
883,4,211.9,52.97,453.75,1,apartment,0,0
1130,4,15.7,3.92,59.5,4,public area,0,0
1128,4,44.14,11.04,22.0,3,public area,0,1
2497,4,88.18,22.04,33.25,3,sightseeing,0,1
1800,4,136.6,34.15,48.0,4,public area,0,1
1794,4,108.03,27.01,668.0,2,golf,0,0
1793,4,82.59,20.65,32.0,3,public institution,0,1
1786,4,69.75,17.44,292.5,2,apartment,0,0
1823,4,15.4,3.85,37.0,4,public institution,0,0
404,4,46.75,11.69,112.25,3,sightseeing,0,0
1299,4,79.0,19.75,33.75,4,public institution,0,1
1292,4,30.53,7.63,11.5,2,market,0,1
1208,4,27.38,6.84,118.25,2,public parking lot,0,0
1633,4,54.7,13.68,265.75,3,public institution,0,0
1624,4,91.01,22.75,422.5,2,apartment,0,0
1975,4,30.72,7.68,89.75,3,golf,0,0
2356,4,65.89,16.47,38.5,4,sightseeing,0,1
661,4,66.73,16.68,32.5,3,company,0,1
658,4,63.63,15.91,24.75,4,public institution,0,1
654,4,84.56,21.14,48.0,1,company,0,1
1206,4,41.2,10.3,120.25,3,hotel,1,0
939,4,147.85,36.96,379.5,2,company,0,0
558,4,67.19,16.8,27.25,4,public area,0,1
2017,4,7.71,1.93,22.0,4,market,0,0
2013,4,85.91,21.48,27.25,1,public area,0,1
1228,4,116.9,29.22,48.0,2,market,0,1
1221,4,80.98,20.24,40.0,1,public institution,0,1
744,4,46.97,11.74,97.75,4,public area,0,0
1177,4,60.59,15.15,139.5,2,apartment,0,0
1175,4,66.3,16.58,142.0,2,public institution,0,0
1173,4,47.3,11.82,105.5,4,public area,0,0
1480,4,72.35,18.09,38.0,3,public area,0,1
1477,4,136.8,34.2,29.75,3,bus garage,0,1
1476,4,57.06,14.26,229.0,1,resort,0,0
1474,4,62.14,15.54,23.0,4,public area,0,1
1500,4,52.59,13.15,495.75,1,apartment,0,0
1760,4,149.41,37.35,358.25,2,apartment,0,0
419,4,26.38,6.6,66.25,4,restaurant,0,0
1906,4,39.72,9.93,106.0,1,apartment,0,0
1365,4,22.5,5.62,86.5,4,public institution,0,0
1930,4,61.42,15.36,21.25,3,public area,0,1
1724,4,107.51,26.88,43.5,1,public area,0,1
1717,4,87.62,21.9,49.5,4,public area,0,1
2474,4,22.57,5.64,51.0,1,apartment,0,0
2461,4,55.3,13.82,25.25,3,public area,0,1
742,4,14.16,3.54,43.5,4,public area,0,0
1213,4,45.07,11.27,214.0,3,public parking lot,0,0
1381,4,79.28,19.82,27.75,1,public area,0,1
1945,4,28.08,7.02,63.25,1,public area,0,0
1944,4,38.1,9.52,113.5,2,public institution,0,0
1124,4,83.48,20.87,40.0,2,public institution,0,1
1637,4,15.26,3.81,65.0,3,apartment,0,0
694,4,20.35,5.09,58.25,2,restaurant,0,0
1481,4,35.1,8.78,78.5,4,hotel,0,0
1435,4,100.97,25.24,40.0,4,bus garage,0,1
1434,4,81.57,20.39,47.5,3,public parking lot,0,1
2294,4,85.09,21.27,40.75,1,public parking lot,0,1
1609,4,77.98,19.5,772.0,3,hotel,0,0
1714,4,144.29,36.07,74.75,4,resort,0,1
1700,4,124.85,31.21,33.0,3,bus garage,0,1
1729,4,112.13,28.03,35.25,1,public area,0,1
454,4,44.3,11.08,155.75,2,public parking lot,0,0
2027,4,12.43,3.11,51.75,2,restaurant,0,0
713,4,28.7,7.18,119.5,2,public area,0,0
1390,4,24.71,6.18,72.5,1,public institution,0,0
1915,4,74.42,18.6,34.5,3,public institution,0,1
1914,4,122.28,30.57,46.5,3,public parking lot,0,1
696,4,112.46,28.12,81.25,3,public area,0,1
2377,4,65.07,16.27,34.75,4,public parking lot,0,1
2375,4,22.42,5.6,62.75,2,public institution,0,0
1951,4,43.99,11.0,150.25,4,public area,0,0
1948,4,48.69,12.17,20.75,4,sightseeing,0,1
1416,4,57.22,14.3,146.0,3,sightseeing,0,0
1158,4,38.45,9.61,24.25,3,public area,0,1
459,4,63.26,15.82,21.25,1,public institution,0,1
1881,4,70.18,17.54,24.75,4,public area,0,1
2245,4,44.24,11.06,108.5,4,public area,0,0
2079,4,38.61,9.65,23.0,4,company,0,1
2142,4,29.46,7.36,62.75,1,restaurant,0,0
1253,4,269.12,67.28,87.75,2,hotel,0,1
2436,4,181.55,45.39,409.0,1,golf,0,0
2433,4,44.15,11.04,130.5,4,sightseeing,0,0
1549,4,42.55,10.64,179.25,2,restaurant,0,0
1542,4,87.86,21.96,20.25,3,restaurant,0,1
1580,4,116.49,29.12,46.75,1,public institution,0,1
981,4,22.24,5.56,10.0,2,public area,0,1
2125,4,120.8,30.2,66.0,1,apartment,0,1
2101,4,27.5,6.88,80.0,2,apartment,0,0
1866,4,25.34,6.34,87.25,3,apartment,0,0
801,4,58.1,14.52,135.25,2,public institution,0,0
2569,4,31.09,7.77,131.25,2,company,0,0
797,3,20.07,6.69,94.67,3,sightseeing,0,0
1864,3,176.11,58.7,523.67,1,apartment,0,0
2205,3,14.29,4.76,42.0,2,restaurant,1,0
2109,3,8.11,2.7,75.33,3,public institution,0,0
2112,3,132.46,44.15,541.33,1,resort,0,0
1581,3,87.84,29.28,45.33,3,public parking lot,0,1
905,3,70.5,23.5,33.0,3,market,0,1
2448,3,29.86,9.95,111.67,3,resort,0,0
796,3,32.1,10.7,181.67,1,public institution,0,0
805,3,19.72,6.57,115.33,1,company,0,0
812,3,35.6,11.87,126.67,3,public parking lot,0,0
2139,3,27.29,9.1,160.0,1,apartment,0,0
2143,3,32.45,10.82,164.33,3,resort,0,0
2223,3,89.66,29.89,33.0,3,company,0,1
1835,3,62.62,20.87,773.0,2,apartment,0,0
1837,3,57.89,19.3,192.67,2,apartment,0,0
1675,3,98.2,32.73,54.0,3,market,0,1
463,3,61.5,20.5,180.0,3,apartment,0,0
465,3,119.58,39.86,51.33,1,public institution,0,1
1400,3,53.87,17.96,194.67,3,hotel,0,0
1715,3,61.97,20.66,184.0,2,hotel,0,0
1716,3,125.6,41.87,424.0,1,public institution,0,0
1692,3,95.29,31.76,48.33,2,public area,0,1
588,3,68.11,22.7,38.33,3,sightseeing,0,1
1072,3,12.37,4.12,13.33,2,public institution,0,1
934,3,53.29,17.76,36.33,3,hotel,0,1
1728,3,95.84,31.95,320.67,2,hotel,0,0
1409,3,16.63,5.54,23.67,2,public parking lot,0,1
1387,3,61.43,20.48,34.67,3,sightseeing,0,1
1402,3,48.8,16.27,165.0,2,public area,0,0
2371,3,14.35,4.78,12.67,2,market,0,1
2379,3,21.0,7.0,75.67,3,public institution,0,0
2383,3,78.89,26.3,67.0,3,resort,0,1
848,3,95.53,31.84,291.67,2,public area,0,0
1917,3,20.33,6.78,11.67,2,public area,0,1
1918,3,2.03,0.68,3.0,2,public institution,0,1
1662,3,43.92,14.64,293.33,3,resort,0,0
1667,3,28.08,9.36,263.33,3,public area,0,0
1391,3,21.48,7.16,89.33,3,sightseeing,0,0
2144,3,29.21,9.74,147.0,2,public area,0,0
1706,3,69.84,23.28,33.67,3,public parking lot,0,1
1708,3,82.9,27.63,29.0,3,public area,0,1
1710,3,45.02,15.01,26.0,3,public area,0,1
1735,3,144.39,48.13,92.67,3,public area,0,1
1736,3,129.81,43.27,46.0,3,public area,0,1
1738,3,69.2,23.07,221.0,3,public institution,0,0
1359,3,38.26,12.75,27.33,3,public area,0,1
1151,3,31.12,10.37,174.33,2,company,0,0
1471,3,65.4,21.8,191.33,2,public institution,0,0
1483,3,39.4,13.13,195.33,3,sightseeing,0,0
2302,3,44.24,14.75,595.33,1,apartment,0,0
2312,3,19.5,6.5,75.0,3,company,0,0
1936,3,35.5,11.83,23.67,3,public area,0,1
720,3,49.6,16.53,153.0,2,public institution,0,0
1373,3,50.6,16.87,33.33,3,restaurant,0,1
1374,3,56.94,18.98,33.67,2,company,0,1
1380,3,67.48,22.49,30.33,2,public institution,0,1
2405,3,29.6,9.87,87.67,3,public area,0,0
2406,3,25.47,8.49,347.67,2,resort,0,0
2458,3,36.96,12.32,71.67,2,public institution,0,1
1721,3,42.37,14.12,201.0,3,hotel,0,0
1924,3,102.79,34.26,544.0,1,apartment,0,0
1905,3,36.8,12.27,110.33,3,public institution,0,0
2021,3,18.4,6.13,82.67,3,sightseeing,0,0
2022,3,65.7,21.9,41.33,3,public parking lot,0,1
2025,3,81.76,27.25,50.33,2,apartment,0,1
1363,3,17.6,5.87,80.33,3,restaurant,0,0
2181,3,67.35,22.45,52.0,2,company,0,1
2281,3,37.97,12.66,189.33,2,restaurant,0,0
2282,3,105.12,35.04,44.0,3,sightseeing,0,1
1753,3,106.87,35.62,61.33,2,restaurant,0,1
407,3,74.5,24.83,34.33,2,public institution,0,1
408,3,20.2,6.73,65.67,2,apartment,0,0
1496,3,46.91,15.64,21.33,2,apartment,0,1
1473,3,16.9,5.63,49.67,2,public institution,0,0
1998,3,34.23,11.41,150.67,2,resort,0,0
2002,3,49.91,16.64,28.33,3,public institution,0,1
2155,3,31.55,10.52,150.0,1,resort,0,0
1108,3,22.22,7.41,22.33,3,resort,0,1
1110,3,58.36,19.45,27.67,3,public area,0,1
1648,3,103.4,34.47,309.33,1,public institution,0,0
748,3,1.9,0.63,6.67,3,public institution,0,0
470,3,51.34,17.11,23.0,2,apartment,0,1
2011,3,60.78,20.26,37.0,3,public institution,0,1
1066,3,55.59,18.53,45.0,3,resort,0,1
1067,3,97.09,32.36,48.33,3,restaurant,0,1
2264,3,16.99,5.66,92.0,2,company,0,0
788,3,36.6,12.2,183.67,3,sightseeing,0,0
1190,3,86.28,28.76,40.0,1,apartment,0,1
2359,3,23.12,7.71,132.67,2,public parking lot,0,0
1980,3,61.01,20.34,31.33,2,public institution,0,1
1989,3,92.75,30.92,30.0,3,restaurant,0,1
1958,3,22.36,7.45,91.0,3,company,0,0
1626,3,32.48,10.83,127.0,1,public institution,0,0
1635,3,25.63,8.54,188.0,1,public institution,0,0
1599,3,91.6,30.53,43.33,3,public area,0,1
2167,3,49.17,16.39,27.0,3,public area,0,1
1493,3,79.54,26.51,1051.33,1,apartment,0,0
1326,3,105.6,35.2,319.67,2,public institution,0,0
86,3,25.71,8.57,89.33,2,hotel,1,0
1788,3,72.01,24.0,400.0,1,apartment,0,0
1791,3,76.94,25.65,336.67,2,public area,1,0
2250,3,29.3,9.77,14.67,2,public parking lot,0,1
1824,3,44.03,14.68,183.67,3,public parking lot,0,0
1036,3,49.92,16.64,33.33,3,public parking lot,0,1
1129,3,64.52,21.51,35.67,3,apartment,0,1
1132,3,20.72,6.91,195.67,2,public area,0,0
879,3,46.21,15.4,20.67,3,public area,0,1
978,3,51.58,17.19,28.0,3,public institution,0,1
500,3,17.22,5.74,63.0,2,restaurant,0,0
502,3,43.29,14.43,76.33,3,public parking lot,0,1
1589,3,21.25,7.08,68.0,1,restaurant,0,0
1590,3,26.28,8.76,24.67,3,market,0,1
2313,3,41.14,13.71,31.0,2,public institution,0,1
2314,3,60.12,20.04,31.0,2,apartment,0,1
653,3,74.7,24.9,224.0,3,public institution,0,0
2061,3,28.45,9.48,132.67,3,sightseeing,0,0
1290,3,20.45,6.82,73.0,3,public area,0,0
1257,3,85.96,28.65,45.67,3,resort,0,1
1266,3,101.5,33.83,85.33,2,resort,0,1
1242,3,58.7,19.57,25.33,3,public area,0,1
2043,3,25.52,8.51,19.33,3,market,0,1
2044,3,7.2,2.4,39.67,3,market,0,0
1816,3,91.41,30.47,280.33,1,apartment,0,0
1820,3,19.7,6.57,88.67,3,public area,0,0
647,3,37.62,12.54,40.67,1,hotel,0,1
1539,3,4.52,1.51,25.67,3,market,0,1
1554,3,53.56,17.85,31.67,2,public parking lot,0,1
1537,3,34.85,11.62,206.33,1,apartment,0,0
2316,3,154.13,51.38,56.33,1,market,0,1
2318,3,58.81,19.6,33.33,2,sightseeing,0,1
2329,3,6.28,2.09,34.0,1,apartment,0,0
964,3,70.0,23.33,40.0,3,public institution,0,1
1008,3,51.46,17.15,26.0,1,public institution,0,1
1963,3,55.82,18.61,28.0,3,public institution,0,1
1966,3,49.94,16.65,311.33,1,apartment,0,0
1044,3,46.44,15.48,37.33,2,public institution,0,1
1058,3,48.94,16.31,21.33,3,public institution,0,1
1030,3,31.05,10.35,24.0,3,public institution,0,1
2183,3,63.14,21.05,253.0,2,public parking lot,0,0
1877,3,19.9,6.63,57.67,2,public area,0,0
1218,3,29.03,9.68,116.67,2,company,0,0
825,3,17.1,5.7,92.67,3,restaurant,0,0
2582,3,24.25,8.08,141.33,1,apartment,0,1
1893,3,59.72,19.91,233.67,3,company,0,0
1861,3,39.49,13.16,19.67,3,public area,0,1
998,3,53.5,17.83,181.67,2,resort,0,0
999,3,8.8,2.93,27.0,3,sightseeing,0,0
990,3,11.7,3.9,66.0,2,public institution,0,0
2517,3,65.01,21.67,215.0,1,restaurant,0,0
2138,3,30.61,10.2,176.33,1,apartment,0,0
997,3,25.43,8.48,13.33,3,public parking lot,0,1
2594,3,35.11,11.7,22.67,3,public parking lot,0,1
2671,2,7.47,3.74,8.0,1,company,0,1
2597,2,57.99,28.99,41.0,2,public institution,0,1
2670,2,28.73,14.36,34.0,2,sightseeing,0,1
2602,2,58.86,29.43,40.0,1,apartment,0,1
2607,2,73.47,36.74,88.0,1,market,0,1
2519,2,39.13,19.56,31.5,2,public area,0,1
2509,2,8.24,4.12,67.5,2,public area,0,0
1007,2,45.42,22.71,51.0,1,apartment,0,1
2647,2,22.28,11.14,217.0,1,apartment,0,0
2117,2,32.41,16.2,187.0,2,hotel,0,0
2113,2,82.6,41.3,454.0,1,resort,0,0
2111,2,79.9,39.95,722.5,1,apartment,0,0
2102,2,56.53,28.26,240.5,1,public institution,0,0
2099,2,20.53,10.26,92.5,1,apartment,0,0
1868,2,35.95,17.98,33.0,2,public parking lot,0,1
1867,2,10.26,5.13,46.0,2,apartment,0,0
942,2,43.33,21.66,49.5,2,sightseeing,0,1
1838,2,34.2,17.1,212.0,1,apartment,0,0
2240,2,29.36,14.68,19.5,2,public institution,0,1
2232,2,55.78,27.89,36.0,1,public parking lot,0,1
2231,2,72.64,36.32,68.5,2,company,0,1
2224,2,31.09,15.54,26.0,2,public area,0,1
2210,2,72.56,36.28,35.5,2,public area,0,1
442,2,33.38,16.69,30.0,2,public area,0,1
2193,2,68.03,34.02,392.5,2,public parking lot,0,0
2192,2,15.27,7.64,68.5,2,restaurant,0,0
1026,2,22.9,11.45,205.0,2,apartment,0,0
1024,2,4.1,2.05,18.0,2,public institution,0,0
1063,2,40.78,20.39,35.5,2,market,0,1
1847,2,4.5,2.25,20.0,2,public institution,0,0
1842,2,50.04,25.02,31.0,2,sightseeing,0,1
1839,2,50.69,25.34,34.5,2,public parking lot,0,1
1040,2,8.52,4.26,9.0,1,company,0,1
1039,2,19.8,9.9,99.5,2,apartment,0,0
1071,2,11.41,5.7,18.5,2,market,0,1
952,2,12.13,6.06,55.0,2,restaurant,0,0
1822,2,46.92,23.46,244.0,2,company,0,0
1815,2,13.6,6.8,57.5,2,public area,0,0
1805,2,21.05,10.52,14.5,2,sightseeing,0,1
529,2,14.2,7.1,63.0,2,sightseeing,0,0
2494,2,15.0,7.5,74.0,2,resort,1,0
2268,2,34.07,17.04,26.0,2,market,0,1
2260,2,34.76,17.38,208.5,2,apartment,0,0
1069,2,35.46,17.73,22.5,2,public institution,0,1
386,2,37.03,18.52,24.5,2,public institution,0,1
2621,2,49.54,24.77,43.5,2,public parking lot,0,1
2179,2,12.0,6.0,51.0,1,public institution,0,0
1902,2,7.76,3.88,63.5,1,apartment,0,0
1933,2,6.0,3.0,30.0,1,public institution,0,0
1932,2,56.73,28.36,45.5,2,public parking lot,0,1
1928,2,55.56,27.78,365.5,1,apartment,0,0
1719,2,32.18,16.09,142.5,2,hotel,0,0
358,2,51.16,25.58,342.0,2,public institution,0,0
1704,2,16.19,8.1,16.5,1,public area,0,1
1734,2,55.35,27.67,35.5,1,public area,0,1
928,2,12.27,6.14,82.0,2,restaurant,0,0
1699,2,18.91,9.46,20.5,2,public institution,0,1
1681,2,14.78,7.39,95.5,2,restaurant,0,0
1679,2,55.98,27.99,35.5,2,resort,0,1
1677,2,9.84,4.92,61.0,2,public area,0,0
910,2,18.43,9.22,83.0,2,restaurant,0,0
1949,2,70.67,35.34,63.0,2,restaurant,0,1
1947,2,11.46,5.73,417.0,1,resort,0,0
1943,2,46.9,23.45,246.0,1,apartment,0,0
1935,2,51.36,25.68,57.0,2,public area,0,1
922,2,42.25,21.12,33.5,2,market,0,1
1122,2,9.64,4.82,70.0,2,market,0,0
2307,2,51.0,25.5,236.5,1,public area,0,0
2304,2,22.52,11.26,906.5,1,apartment,0,0
2288,2,30.25,15.12,467.0,2,public institution,0,0
1651,2,76.7,38.35,333.5,1,public institution,0,0
1649,2,31.8,15.9,143.0,2,public institution,0,0
1647,2,51.2,25.6,47.5,2,sightseeing,0,1
1105,2,12.6,6.3,54.0,2,public institution,0,0
1607,2,22.43,11.22,210.0,1,company,0,0
1597,2,20.1,10.05,134.0,2,restaurant,0,0
1595,2,45.0,22.5,34.0,2,sightseeing,0,1
1621,2,36.0,18.0,29.5,2,public institution,0,1
636,2,6.1,3.05,29.0,1,apartment,0,0
1588,2,32.6,16.3,179.0,2,public institution,0,0
499,2,35.18,17.59,27.0,2,public parking lot,0,1
966,2,16.46,8.23,17.0,2,company,0,1
1566,2,65.74,32.87,40.0,2,apartment,0,1
2340,2,7.53,3.76,45.5,2,restaurant,0,0
903,2,59.34,29.67,32.5,2,restaurant,0,1
1544,2,12.94,6.47,38.0,2,public area,0,1
1543,2,0.29,0.15,3.0,1,apartment,0,0
1586,2,53.92,26.96,27.0,2,public institution,0,1
1583,2,11.69,5.85,71.0,2,public area,0,0
1574,2,54.05,27.02,33.5,1,public parking lot,0,1
872,2,75.44,37.72,67.0,2,public institution,0,1
1531,2,14.26,7.13,62.0,2,public parking lot,0,0
1526,2,26.23,13.11,116.5,2,public area,0,0
1515,2,35.59,17.79,30.5,2,public parking lot,0,1
1509,2,22.02,11.01,98.0,2,public parking lot,0,0
878,2,60.27,30.14,50.5,2,hotel,0,1
1131,2,44.2,22.1,243.0,2,public area,0,0
497,2,57.38,28.69,66.0,1,market,0,1
1962,2,10.42,5.21,11.0,1,public institution,0,1
2358,2,7.27,3.64,79.5,1,company,0,0
2348,2,43.44,21.72,32.5,1,public parking lot,0,1
2347,2,12.04,6.02,66.5,2,restaurant,0,0
2346,2,21.36,10.68,104.0,1,public area,0,0
2342,2,43.41,21.7,36.5,2,public parking lot,0,1
1514,2,33.71,16.86,210.5,2,restaurant,0,0
655,2,34.1,17.05,42.5,2,hotel,0,1
1499,2,68.52,34.26,81.5,2,apartment,0,1
1498,2,17.81,8.91,22.5,2,restaurant,0,1
2169,2,19.04,9.52,110.0,2,sightseeing,0,0
2165,2,10.35,5.18,88.5,2,company,0,0
2010,2,41.51,20.76,40.0,1,public area,0,1
2006,2,0.05,0.02,3.0,1,restaurant,0,0
2001,2,25.89,12.94,242.5,1,apartment,0,0
2000,2,38.07,19.04,32.0,2,public institution,0,1
1176,2,25.0,12.5,109.0,1,public institution,0,0
1174,2,5.1,2.55,28.0,2,public area,0,0
1452,2,27.23,13.61,36.0,1,public parking lot,0,1
690,2,42.41,21.2,33.0,2,public area,0,1
865,2,107.99,54.0,41.0,2,hotel,0,1
1150,2,3.13,1.56,33.5,1,market,0,0
2372,2,37.35,18.67,27.5,1,apartment,0,1
691,2,28.01,14.0,21.5,2,public institution,0,1
1399,2,10.74,5.37,34.0,2,public institution,0,1
1170,2,30.1,15.05,138.5,2,restaurant,0,0
1153,2,21.61,10.8,206.0,1,restaurant,0,0
1995,2,72.27,36.14,46.0,2,market,0,1
466,2,35.32,17.66,26.5,2,public institution,0,1
2149,2,22.92,11.46,26.0,1,public institution,0,1
2147,2,22.8,11.4,225.0,2,public institution,0,0
2146,2,15.47,7.74,70.0,1,hotel,0,0
2028,2,9.55,4.77,79.5,1,apartment,0,0
1388,2,24.55,12.28,19.0,2,public parking lot,0,1
1385,2,42.89,21.44,33.5,2,public parking lot,0,1
1384,2,31.61,15.8,16.0,2,public institution,0,1
1413,2,0.21,0.11,0.0,1,sightseeing,0,1
1410,2,29.88,14.94,22.0,2,public parking lot,0,1
1403,2,27.86,13.93,19.0,2,market,0,1
2457,2,42.72,21.36,207.5,1,apartment,0,0
2454,2,35.89,17.94,189.0,1,apartment,0,0
721,2,3.1,1.55,19.5,2,public institution,0,0
1362,2,32.0,16.0,27.0,2,public institution,0,1
2482,2,12.61,6.3,58.0,1,hotel,0,0
2479,2,13.75,6.88,262.5,1,company,0,0
2460,2,34.04,17.02,43.5,2,public institution,0,1
1338,2,68.09,34.04,517.5,2,golf,0,0
2040,2,93.71,46.86,68.5,2,sightseeing,0,1
2035,2,6.7,3.35,39.0,2,restaurant,0,0
837,2,31.23,15.62,25.0,1,apartment,0,1
828,2,19.1,9.55,13.5,2,public parking lot,0,1
2409,2,10.3,5.15,49.0,2,restaurant,0,0
413,2,19.58,9.79,14.5,1,public area,0,1
410,2,32.23,16.11,21.0,2,public institution,0,1
1296,2,17.88,8.94,29.5,1,public institution,0,1
1325,2,39.28,19.64,28.0,2,public institution,0,1
1193,2,43.78,21.89,36.0,2,restaurant,0,1
1312,2,48.12,24.06,293.0,1,public institution,0,0
1308,2,33.11,16.56,202.5,1,public institution,0,0
1306,2,11.25,5.62,90.0,1,sightseeing,0,0
1302,2,8.9,4.45,72.5,2,public institution,0,0
2034,2,6.19,3.1,52.5,1,apartment,0,0
2055,2,49.77,24.88,729.0,2,sightseeing,0,1
2053,2,8.8,4.4,39.0,2,hotel,0,0
2052,2,14.32,7.16,11.0,2,market,0,1
1278,2,18.32,9.16,94.0,2,restaurant,0,0
772,2,28.08,14.04,43.0,2,market,0,1
793,2,10.28,5.14,84.5,2,resort,0,0
2450,2,39.25,19.62,37.5,2,apartment,0,1
2439,2,32.8,16.4,144.5,2,sightseeing,0,0
2432,2,21.72,10.86,97.0,1,apartment,0,0
1289,2,10.07,5.04,90.0,2,public institution,0,0
2085,2,63.44,31.72,56.0,2,apartment,0,1
2082,2,25.25,12.62,113.5,2,apartment,0,0
2078,2,20.75,10.38,18.0,2,public institution,0,1
2075,2,19.72,9.86,23.5,1,public parking lot,0,1
2072,2,62.35,31.18,37.5,2,market,0,1
2071,2,13.98,6.99,17.0,2,public area,0,1
1232,2,83.95,41.97,53.5,1,public area,0,1
806,2,17.9,8.95,152.5,1,public institution,0,0
804,2,2.7,1.35,27.5,2,public institution,0,0
802,2,2.88,1.44,23.5,1,apartment,0,0
798,2,14.5,7.25,80.0,2,sightseeing,0,0
2556,2,0.4,0.2,2.0,1,public institution,0,0
2555,2,55.82,27.91,37.5,2,public institution,0,1
2553,2,9.08,4.54,12.5,2,sightseeing,0,1
2547,2,33.52,16.76,56.5,2,sightseeing,0,1
2584,2,11.96,5.98,99.0,2,company,0,0
2580,2,44.3,22.15,202.0,1,public institution,0,0
2579,2,31.9,15.95,138.0,1,public institution,0,0
2576,2,31.5,15.75,176.5,1,public institution,0,0
2575,2,56.09,28.04,273.5,2,apartment,0,1
2574,2,41.41,20.7,185.0,1,apartment,0,1
2132,2,13.36,6.68,137.5,2,hotel,0,0
2129,2,20.3,10.15,186.5,2,hotel,0,1
995,2,5.35,2.68,9.5,1,public institution,0,1
2593,2,6.51,3.26,57.0,1,restaurant,0,0
2088,2,37.69,18.84,489.0,2,resort,0,0
2611,1,11.7,11.7,214.0,1,public institution,0,0
2612,1,10.2,10.2,181.0,1,public institution,0,0
2613,1,11.14,11.14,724.0,1,apartment,0,0
2616,1,1.76,1.76,17.0,1,sightseeing,0,1
2617,1,7.51,7.51,10.0,1,public area,0,1
2573,1,8.53,8.53,75.0,1,apartment,0,0
2578,1,4.6,4.6,37.0,1,public institution,0,0
2583,1,6.06,6.06,109.0,1,apartment,0,0
2552,1,21.75,21.75,197.0,1,apartment,0,0
2554,1,13.36,13.36,166.0,1,apartment,0,0
2560,1,10.0,10.0,286.0,1,company,0,0
2561,1,8.65,8.65,165.0,1,apartment,0,0
2572,1,25.64,25.64,228.0,1,apartment,0,0
2629,1,8.7,8.7,81.0,1,public institution,0,0
2630,1,12.3,12.3,150.0,1,apartment,0,0
2649,1,0.5,0.5,4.0,1,public institution,0,0
2097,1,11.6,11.6,108.0,1,apartment,0,0
2098,1,11.04,11.04,118.0,1,apartment,0,0
2100,1,9.25,9.25,81.0,1,apartment,0,0
2108,1,24.44,24.44,27.0,1,public area,0,1
2110,1,9.96,9.96,175.0,1,public area,0,0
2116,1,24.91,24.91,18.0,1,public institution,0,1
2140,1,9.86,9.86,92.0,1,restaurant,0,0
2067,1,29.23,29.23,60.0,1,apartment,0,1
2073,1,2.07,2.07,19.0,1,apartment,0,0
2056,1,8.21,8.21,21.0,1,bus garage,0,1
2058,1,39.45,39.45,60.0,1,company,0,1
2063,1,11.48,11.48,196.0,1,sightseeing,0,0
2030,1,4.97,4.97,82.0,1,apartment,0,0
2036,1,3.7,3.7,59.0,1,company,0,0
2037,1,3.3,3.3,53.0,1,public institution,0,0
2038,1,1.57,1.57,27.0,1,apartment,0,0
2039,1,2.73,2.73,51.0,1,sightseeing,0,0
471,1,4.64,4.64,40.0,1,apartment,0,0
367,1,12.36,12.36,13.0,1,company,0,1
2029,1,4.3,4.3,70.0,1,public parking lot,0,0
2145,1,8.95,8.95,79.0,1,hotel,0,0
2004,1,20.89,20.89,25.0,1,public area,0,1
2005,1,30.35,30.35,40.0,1,public area,0,1
2009,1,0.1,0.1,0.0,1,public area,0,0
2154,1,1.36,1.36,22.0,1,restaurant,0,0
2156,1,3.0,3.0,28.0,1,public institution,0,0
2157,1,1.01,1.01,10.0,1,company,0,0
2158,1,4.2,4.2,40.0,1,public institution,0,0
2159,1,5.71,5.71,52.0,1,restaurant,0,0
2160,1,25.9,25.9,238.0,1,apartment,0,0
2161,1,23.31,23.31,635.0,1,resort,0,0
2163,1,5.4,5.4,162.0,1,restaurant,0,0
2176,1,10.5,10.5,89.0,1,public institution,0,0
2177,1,5.86,5.86,52.0,1,restaurant,0,0
2178,1,8.8,8.8,74.0,1,public institution,0,0
1976,1,17.51,17.51,147.0,1,public area,0,0
1977,1,10.1,10.1,93.0,1,public institution,0,0
1979,1,30.92,30.92,40.0,1,public institution,0,1
1984,1,10.55,10.55,264.0,1,public institution,0,0
1985,1,2.86,2.86,48.0,1,restaurant,0,0
1990,1,29.7,29.7,48.0,1,sightseeing,0,1
1955,1,47.35,47.35,112.0,1,public institution,0,1
1938,1,7.91,7.91,30.0,1,public parking lot,0,1
1939,1,6.06,6.06,73.0,1,restaurant,0,0
1942,1,39.3,39.3,388.0,1,apartment,0,0
1946,1,6.28,6.28,79.0,1,apartment,0,0
1916,1,1.07,1.07,14.0,1,sightseeing,0,0
1921,1,8.01,8.01,12.0,1,apartment,0,1
1927,1,26.09,26.09,66.0,1,hotel,0,1
1903,1,0.1,0.1,1.0,1,public institution,0,0
2186,1,0.4,0.4,3.0,1,public institution,0,0
2194,1,8.64,8.64,62.0,1,restaurant,0,1
2195,1,7.98,7.98,11.0,1,public area,0,1
2201,1,6.48,6.48,19.0,1,public area,0,1
2202,1,10.49,10.49,44.0,1,public parking lot,0,1
1878,1,31.45,31.45,40.0,1,public area,0,1
1880,1,8.68,8.68,76.0,1,apartment,0,0
1884,1,34.55,34.55,48.0,1,public institution,0,1
1885,1,8.95,8.95,27.0,1,public institution,0,1
1886,1,40.61,40.61,357.0,1,public area,0,0
1901,1,6.67,6.67,115.0,1,restaurant,0,0
1855,1,11.19,11.19,103.0,1,public parking lot,0,0
1856,1,27.53,27.53,44.0,1,company,0,1
1858,1,42.4,42.4,38.0,1,public parking lot,0,1
1863,1,49.2,49.2,474.0,1,apartment,0,0
1865,1,65.1,65.1,623.0,1,apartment,0,0
2211,1,12.4,12.4,22.0,1,public institution,0,1
2227,1,2.82,2.82,25.0,1,golf,0,0
2236,1,4.1,4.1,37.0,1,restaurant,0,0
1832,1,6.8,6.8,112.0,1,public institution,0,0
1836,1,51.31,51.31,541.0,1,hotel,0,0
1840,1,27.3,27.3,228.0,1,apartment,0,0
1843,1,3.14,3.14,53.0,1,sightseeing,0,0
1845,1,37.64,37.64,864.0,1,company,0,0
527,1,22.68,22.68,240.0,1,public area,0,0
535,1,11.78,11.78,18.0,1,public institution,0,1
1802,1,44.55,44.55,60.0,1,public parking lot,0,1
1806,1,10.15,10.15,302.0,1,resort,0,0
1807,1,2.2,2.2,38.0,1,resort,0,0
1808,1,3.28,3.28,57.0,1,resort,0,0
1779,1,60.96,60.96,616.0,1,apartment,0,0
1781,1,31.82,31.82,53.0,1,restaurant,0,1
2271,1,2.12,2.12,39.0,1,hotel,0,0
2272,1,51.69,51.69,104.0,1,market,0,1
2280,1,28.2,28.2,246.0,1,apartment,0,0
420,1,18.22,18.22,164.0,1,apartment,0,0
1750,1,6.16,6.16,53.0,1,apartment,0,0
1751,1,18.63,18.63,164.0,1,apartment,0,0
1761,1,6.22,6.22,55.0,1,apartment,0,0
1742,1,36.08,36.08,40.0,1,public institution,0,1
1743,1,21.63,21.63,30.0,1,public area,0,1
1718,1,40.79,40.79,86.0,1,public parking lot,0,1
1723,1,25.6,25.6,32.0,1,public area,0,1
1725,1,28.53,28.53,270.0,1,public parking lot,0,0
1711,1,1.62,1.62,21.0,1,public area,0,0
1713,1,18.47,18.47,156.0,1,apartment,0,0
1693,1,0.01,0.01,0.0,1,public area,0,1
1696,1,12.88,12.88,117.0,1,restaurant,0,0
1676,1,36.7,36.7,40.0,1,public parking lot,0,1
1678,1,15.19,15.19,140.0,1,apartment,0,0
2295,1,19.33,19.33,182.0,1,public area,0,0
2296,1,50.13,50.13,40.0,1,public institution,0,1
2297,1,47.47,47.47,43.0,1,sightseeing,0,1
1636,1,2.63,2.63,52.0,1,public area,0,0
1645,1,18.1,18.1,162.0,1,public institution,0,0
1650,1,29.3,29.3,255.0,1,public institution,0,0
1614,1,19.06,19.06,38.0,1,public institution,0,1
1619,1,1.16,1.16,12.0,1,restaurant,0,1
1625,1,5.66,5.66,50.0,1,public parking lot,0,0
1594,1,25.5,25.5,228.0,1,hotel,0,0
626,1,6.35,6.35,58.0,1,public area,0,0
628,1,13.02,13.02,152.0,1,public institution,0,0
637,1,6.2,6.2,59.0,1,apartment,0,0
1592,1,1.1,1.1,9.0,1,public institution,0,0
2317,1,5.1,5.1,8.0,1,public institution,0,1
2319,1,26.01,26.01,40.0,1,apartment,0,1
2321,1,6.1,6.1,9.0,1,public area,0,1
2334,1,23.8,23.8,206.0,1,public institution,0,0
1567,1,39.26,39.26,363.0,1,hotel,0,0
1569,1,9.74,9.74,85.0,1,restaurant,0,0
1571,1,0.78,0.78,7.0,1,public area,0,0
1530,1,34.57,34.57,45.0,1,restaurant,0,1
1535,1,11.84,11.84,199.0,1,company,0,0
1510,1,3.27,3.27,53.0,1,restaurant,0,0
649,1,16.08,16.08,48.0,1,hotel,0,1
2341,1,5.0,5.0,8.0,1,public area,0,1
2343,1,60.45,60.45,132.0,1,camping,0,1
2344,1,12.94,12.94,112.0,1,restaurant,0,0
2345,1,10.88,10.88,112.0,1,restaurant,0,0
2349,1,3.55,3.55,9.0,1,public institution,0,1
2350,1,12.28,12.28,31.0,1,apartment,0,1
2357,1,3.01,3.01,51.0,1,company,0,0
1485,1,5.68,5.68,18.0,1,apartment,0,1
1487,1,8.11,8.11,125.0,1,sightseeing,0,0
1501,1,23.25,23.25,906.0,1,apartment,0,0
1508,1,6.58,6.58,61.0,1,hotel,0,0
1475,1,35.97,35.97,51.0,1,public parking lot,0,1
1479,1,21.47,21.47,33.0,1,public parking lot,0,1
1455,1,19.18,19.18,33.0,1,public parking lot,0,1
1465,1,17.34,17.34,22.0,1,public institution,0,1
1426,1,46.01,46.01,408.0,1,apartment,0,0
1445,1,13.37,13.37,43.0,1,public parking lot,0,1
2368,1,10.78,10.78,181.0,1,public institution,0,0
2369,1,5.68,5.68,119.0,1,restaurant,0,0
2373,1,0.3,0.3,3.0,1,public institution,0,0
2376,1,3.23,3.23,107.0,1,company,0,0
2378,1,9.72,9.72,105.0,1,company,0,0
2381,1,10.04,10.04,19.0,1,public institution,0,1
2384,1,6.59,6.59,63.0,1,resort,0,0
2385,1,4.55,4.55,42.0,1,restaurant,0,0
1422,1,13.44,13.44,883.0,1,public institution,0,0
1425,1,34.47,34.47,40.0,1,public institution,0,1
698,1,21.59,21.59,34.0,1,public area,0,1
709,1,1.18,1.18,20.0,1,apartment,0,0
1404,1,21.04,21.04,29.0,1,restaurant,0,1
1386,1,19.71,19.71,25.0,1,hotel,0,1
722,1,3.25,3.25,64.0,1,public area,0,0
1371,1,18.49,18.49,60.0,1,public parking lot,0,1
1376,1,39.68,39.68,60.0,1,public area,0,1
1379,1,59.31,59.31,100.0,1,hotel,0,1
1382,1,15.45,15.45,24.0,1,apartment,0,1
1354,1,21.71,21.71,40.0,1,public institution,0,1
1356,1,6.81,6.81,11.0,1,public institution,0,1
1329,1,19.0,19.0,194.0,1,company,0,0
2392,1,5.08,5.08,44.0,1,resort,0,0
2407,1,3.3,3.3,57.0,1,resort,0,0
1313,1,11.04,11.04,133.0,1,public institution,0,0
750,1,7.64,7.64,11.0,1,public institution,0,1
1328,1,3.2,3.2,27.0,1,public institution,0,0
794,1,8.1,8.1,138.0,1,public institution,0,0
795,1,8.0,8.0,128.0,1,public institution,0,0
1280,1,0.06,0.06,1.0,1,sightseeing,0,0
1286,1,11.0,11.0,187.0,1,public institution,0,0
2413,1,13.98,13.98,34.0,1,public institution,0,1
2418,1,5.72,5.72,104.0,1,apartment,0,0
2429,1,10.88,10.88,98.0,1,hotel,0,0
2438,1,8.82,8.82,29.0,1,public institution,0,1
2445,1,0.75,0.75,7.0,1,market,0,0
2446,1,3.16,3.16,27.0,1,restaurant,0,0
2449,1,17.76,17.76,400.0,1,apartment,0,0
2452,1,10.46,10.46,19.0,1,public area,0,1
800,1,7.4,7.4,130.0,1,public institution,0,0
807,1,7.59,7.59,123.0,1,apartment,0,0
808,1,5.55,5.55,92.0,1,public institution,0,0
1248,1,14.74,14.74,24.0,1,bus garage,0,1
1216,1,10.44,10.44,186.0,1,public parking lot,0,0
818,1,2.8,2.8,46.0,1,camping,0,0
822,1,0.19,0.19,3.0,1,company,0,0
1191,1,15.9,15.9,138.0,1,sightseeing,0,0
1205,1,9.27,9.27,152.0,1,company,0,0
2455,1,36.32,36.32,336.0,1,apartment,0,0
2456,1,23.44,23.44,34.0,1,sightseeing,0,1
2464,1,13.8,13.8,127.0,1,apartment,0,0
2466,1,28.55,28.55,41.0,1,resort,0,1
2472,1,3.19,3.19,31.0,1,apartment,0,0
2473,1,7.21,7.21,73.0,1,resort,0,0
2478,1,45.99,45.99,1160.0,1,hotel,0,0
1182,1,20.5,20.5,177.0,1,public institution,0,0
857,1,15.72,15.72,37.0,1,hotel,0,1
859,1,1.48,1.48,39.0,1,public area,0,0
860,1,23.78,23.78,35.0,1,public area,0,1
1159,1,19.62,19.62,45.0,1,public area,0,1
867,1,3.74,3.74,36.0,1,resort,0,0
875,1,7.43,7.43,15.0,1,apartment,0,1
884,1,62.51,62.51,571.0,1,hotel,0,0
885,1,62.97,62.97,60.0,1,sightseeing,0,1
1113,1,10.3,10.3,92.0,1,apartment,0,0
1115,1,14.94,14.94,40.0,1,public area,0,1
2483,1,6.04,6.04,53.0,1,hotel,0,0
2484,1,15.69,15.69,147.0,1,hotel,0,0
2486,1,3.3,3.3,29.0,1,company,0,0
2489,1,5.78,5.78,9.0,1,public institution,0,0
2492,1,30.36,30.36,273.0,1,company,0,0
2500,1,1.0,1.0,9.0,1,public institution,0,0
2619,1,46.53,46.53,97.0,1,public area,0,1
955,1,1.34,1.34,2.0,1,public institution,0,1
1012,1,19.74,19.74,39.0,1,public parking lot,0,1
2585,1,48.05,48.05,40.0,1,public area,0,1
2592,1,3.71,3.71,61.0,1,public area,0,0
996,1,3.23,3.23,6.0,1,public parking lot,0,1
2502,1,19.9,19.9,40.0,1,public institution,0,1
2506,1,2.32,2.32,34.0,1,company,0,1
2507,1,45.8,45.8,108.0,1,hotel,0,1
2529,1,42.4,42.4,479.0,1,apartment,0,0
2532,1,6.02,6.02,9.0,1,sightseeing,0,1
2533,1,38.24,38.24,49.0,1,sightseeing,0,1
2537,1,22.9,22.9,216.0,1,public institution,0,0
2538,1,0.37,0.37,7.0,1,apartment,0,0
2539,1,23.8,23.8,217.0,1,public institution,0,0
2541,1,0.64,0.64,8.0,1,hotel,0,0
2543,1,34.48,34.48,307.0,1,apartment,0,0
2608,1,18.83,18.83,331.0,1,restaurant,0,0
2601,1,7.01,7.01,17.0,1,company,0,1
