StartDate,Sessions,TotalDemand,AverageDemand,AverageDuration,UniqueUsers,ActiveChargers
2021-09-30,19,579.19,30.48,292.37,11,19
2021-10-01,147,2467.59,16.79,154.76,65,109
2021-10-02,136,2087.75,15.35,142.8,53,97
2021-10-03,102,1928.25,18.9,168.12,46,77
2021-10-04,107,1768.66,16.53,160.83,41,80
2021-10-05,153,2530.86,16.54,152.65,65,112
2021-10-06,138,2300.17,16.67,148.3,52,102
2021-10-07,142,2113.15,14.88,124.15,60,107
2021-10-08,121,2266.41,18.73,173.6,50,95
2021-10-09,101,1688.26,16.72,135.51,45,87
2021-10-10,113,1778.17,15.74,145.18,44,94
2021-10-11,141,2157.08,15.3,134.96,50,101
2021-10-12,131,2017.57,15.4,140.27,50,107
2021-10-13,146,2582.1,17.69,155.05,52,116
2021-10-14,126,2323.78,18.44,171.53,47,94
2021-10-15,131,2079.5,15.87,126.63,51,101
2021-10-16,109,1755.11,16.1,143.5,48,89
2021-10-17,131,2096.97,16.01,140.51,50,89
2021-10-18,137,2421.27,17.67,146.97,56,111
2021-10-19,119,1729.23,14.53,130.7,53,93
2021-10-20,113,1619.44,14.33,125.26,55,95
2021-10-21,140,1980.87,14.15,125.76,51,109
2021-10-22,131,2304.45,17.59,158.14,55,108
2021-10-23,134,1990.33,14.85,122.93,53,101
2021-10-24,111,2028.03,18.27,162.38,47,88
2021-10-25,139,2322.8,16.71,149.72,62,106
2021-10-26,121,1809.79,14.96,143.74,53,96
2021-10-27,115,1989.29,17.3,152.28,44,88
2021-10-28,133,2340.93,17.6,158.35,51,94
2021-10-29,134,2497.84,18.64,168.16,53,104
2021-10-30,119,1993.72,16.75,158.76,56,98
2021-10-31,109,1964.11,18.02,163.1,46,83
2021-11-01,151,2831.85,18.75,154.95,65,114
2021-11-02,130,2187.47,16.83,149.4,62,99
2021-11-03,155,2585.67,16.68,158.63,70,120
2021-11-04,146,2535.67,17.37,148.32,58,121
2021-11-05,138,2288.63,16.58,143.64,59,110
2021-11-06,137,2292.13,16.73,152.37,60,114
2021-11-07,123,2035.04,16.55,136.1,46,95
2021-11-08,117,2260.34,19.32,169.16,52,86
2021-11-09,148,2391.38,16.16,144.23,73,117
2021-11-10,152,2483.53,16.34,144.93,64,114
2021-11-11,153,2481.17,16.22,137.37,67,122
2021-11-12,146,2535.37,17.37,169.04,48,106
2021-11-13,131,2288.48,17.47,145.65,48,113
2021-11-14,128,2204.64,17.22,158.38,53,101
2021-11-15,147,2677.29,18.21,172.12,72,109
2021-11-16,157,2405.71,15.32,141.59,56,117
2021-11-17,142,2523.64,17.77,163.25,65,111
2021-11-18,150,2321.28,15.48,140.59,56,118
2021-11-19,169,2516.71,14.89,136.01,76,130
2021-11-20,144,2398.22,16.65,152.03,44,109
2021-11-21,119,2027.01,17.03,161.41,43,96
2021-11-22,141,2372.71,16.83,163.79,57,115
2021-11-23,188,2973.93,15.82,145.76,73,132
2021-11-24,148,2590.11,17.5,163.59,63,115
2021-11-25,133,2257.32,16.97,165.66,54,107
2021-11-26,145,2326.09,16.04,144.93,61,115
2021-11-27,120,2136.44,17.8,167.65,48,95
2021-11-28,117,1926.46,16.47,159.87,45,88
2021-11-29,167,2720.44,16.29,137.13,66,131
2021-11-30,139,2166.82,15.59,142.37,59,106
2021-12-01,190,3521.66,18.54,166.94,69,142
2021-12-02,188,3287.47,17.49,160.18,87,144
2021-12-03,136,2243.66,16.5,154.65,66,113
2021-12-04,137,2358.48,17.22,150.79,51,104
2021-12-05,145,2936.6,20.25,191.31,49,104
2021-12-06,153,2344.82,15.33,149.15,66,113
2021-12-07,169,2823.16,16.71,157.46,72,126
2021-12-08,160,2760.54,17.25,154.67,66,117
2021-12-09,177,3217.22,18.18,172.66,72,140
2021-12-10,164,2940.42,17.93,158.14,66,122
2021-12-11,136,2307.58,16.97,153.65,48,96
2021-12-12,134,2298.71,17.15,159.52,47,94
2021-12-13,165,2886.79,17.5,177.63,58,121
2021-12-14,165,2726.04,16.52,162.82,57,117
2021-12-15,164,2995.42,18.26,172.37,59,118
2021-12-16,150,2730.77,18.21,180.54,58,116
2021-12-17,173,3338.11,19.3,182.27,55,120
2021-12-18,156,2425.96,15.55,148.62,46,113
2021-12-19,121,2380.59,19.67,193.25,39,93
2021-12-20,151,2469.79,16.36,162.15,62,118
2021-12-21,144,2321.02,16.12,145.47,58,106
2021-12-22,157,2799.13,17.83,172.03,59,118
2021-12-23,164,2926.44,17.84,164.98,65,133
2021-12-24,158,2603.75,16.48,157.97,66,120
2021-12-25,136,2170.95,15.96,151.99,41,96
2021-12-26,98,1828.04,18.65,178.5,31,71
2021-12-27,149,2723.56,18.28,159.47,58,118
2021-12-28,184,3414.38,18.56,169.08,73,133
2021-12-29,164,2909.78,17.74,164.05,66,115
2021-12-30,175,2813.51,16.08,154.58,64,125
2021-12-31,195,3653.74,18.74,166.86,72,137
2022-01-01,205,3434.97,16.76,144.82,94,154
2022-01-02,150,2680.77,17.87,160.06,73,118
2022-01-03,201,3395.01,16.89,151.24,100,153
2022-01-04,192,3658.3,19.05,174.24,88,147
2022-01-05,169,2794.56,16.54,144.76,84,133
2022-01-06,233,4073.87,17.48,155.54,113,182
2022-01-07,219,3735.2,17.06,147.32,104,158
2022-01-08,198,3543.0,17.89,155.15,91,154
2022-01-09,192,3297.85,17.18,152.53,89,141
2022-01-10,217,3631.86,16.74,148.34,92,166
2022-01-11,210,3362.03,16.01,143.47,87,157
2022-01-12,218,4073.3,18.68,169.06,91,164
2022-01-13,233,4105.13,17.62,151.78,94,181
2022-01-14,244,4402.35,18.04,149.11,104,183
2022-01-15,182,3435.42,18.88,172.09,80,136
2022-01-16,184,3265.39,17.75,155.16,87,148
2022-01-17,235,4083.44,17.38,152.02,106,172
2022-01-18,233,3985.64,17.11,153.97,105,182
2022-01-19,210,3496.56,16.65,156.8,99,165
2022-01-20,225,3866.29,17.18,154.6,110,165
2022-01-21,238,4131.93,17.36,157.26,107,185
2022-01-22,160,2685.85,16.79,155.59,79,130
2022-01-23,150,2595.86,17.31,153.35,65,111
2022-01-24,207,3543.98,17.12,166.97,97,160
2022-01-25,236,4167.86,17.66,147.05,106,173
2022-01-26,214,3819.08,17.85,163.61,107,169
2022-01-27,217,3536.51,16.3,137.88,110,179
2022-01-28,184,3318.26,18.03,172.09,84,145
2022-01-29,205,3450.13,16.83,157.35,97,160
2022-01-30,173,3056.72,17.67,143.17,75,142
2022-01-31,171,3012.21,17.62,153.28,79,140
2022-02-01,149,2720.51,18.26,153.49,62,116
2022-02-02,186,3480.12,18.71,168.11,90,145
2022-02-03,261,4480.79,17.17,148.34,123,194
2022-02-04,227,3694.33,16.27,150.94,103,168
2022-02-05,185,3595.24,19.43,158.44,83,137
2022-02-06,196,3363.55,17.16,141.54,92,154
2022-02-07,205,3584.51,17.49,148.85,106,162
2022-02-08,219,4079.31,18.63,164.28,104,175
2022-02-09,226,3805.9,16.84,156.81,98,170
2022-02-10,202,3590.28,17.77,143.62,100,156
2022-02-11,234,3929.36,16.79,149.18,113,176
2022-02-12,199,3384.79,17.01,161.5,98,154
2022-02-13,151,2739.39,18.14,172.89,75,124
2022-02-14,192,3409.51,17.76,167.39,85,158
2022-02-15,221,3777.66,17.09,154.26,113,176
2022-02-16,212,3870.37,18.26,153.03,99,162
2022-02-17,239,4408.34,18.44,158.51,118,190
2022-02-18,229,3579.64,15.63,122.57,111,176
2022-02-19,196,3634.79,18.54,151.31,111,157
2022-02-20,156,3084.91,19.78,161.62,67,121
2022-02-21,236,4199.56,17.79,151.47,111,180
2022-02-22,187,3257.3,17.42,132.19,92,159
2022-02-23,253,4390.05,17.35,139.86,119,198
2022-02-24,233,4437.72,19.05,156.75,114,180
2022-02-25,237,4058.73,17.13,144.61,124,182
2022-02-26,207,3516.55,16.99,148.68,97,167
2022-02-27,175,3132.97,17.9,152.12,86,138
2022-02-28,224,3935.78,17.57,133.2,98,174
2022-03-01,168,2658.23,15.82,120.14,83,129
2022-03-02,192,3435.1,17.89,152.19,105,157
2022-03-03,211,3409.22,16.16,145.99,101,166
2022-03-04,203,3643.03,17.95,153.35,112,167
2022-03-05,172,2930.45,17.04,149.9,86,141
2022-03-06,185,3205.67,17.33,143.05,87,143
2022-03-07,230,3786.03,16.46,139.79,121,176
2022-03-08,202,3664.53,18.14,150.94,105,171
2022-03-09,169,3251.16,19.24,155.72,82,140
2022-03-10,188,3378.02,17.97,156.6,92,158
2022-03-11,188,3311.38,17.61,149.01,92,149
2022-03-12,162,2652.1,16.37,131.62,90,132
2022-03-13,128,2470.69,19.3,160.98,68,105
2022-03-14,187,3187.97,17.05,142.26,94,156
2022-03-15,191,3331.22,17.44,146.44,104,160
2022-03-16,190,3427.59,18.04,156.67,98,154
2022-03-17,188,2961.9,15.75,128.36,90,148
2022-03-18,195,3244.73,16.64,131.59,100,159
2022-03-19,195,3741.26,19.19,162.43,94,150
2022-03-20,170,3047.32,17.93,151.06,79,135
2022-03-21,189,3177.97,16.81,122.82,105,160
2022-03-22,205,3604.2,17.58,151.4,100,161
2022-03-23,201,3471.12,17.27,140.43,106,166
2022-03-24,226,4201.11,18.59,153.97,137,190
2022-03-25,172,2604.38,15.14,120.06,89,140
2022-03-26,200,3752.71,18.76,163.42,105,164
2022-03-27,198,3672.54,18.55,157.78,98,159
2022-03-28,207,3803.16,18.37,156.95,92,155
2022-03-29,218,3596.49,16.5,140.49,114,173
2022-03-30,210,3531.34,16.82,144.01,99,160
2022-03-31,204,3743.43,18.35,145.31,107,170
2022-04-01,212,3627.52,17.11,140.71,97,169
2022-04-02,178,3328.72,18.7,159.73,95,144
2022-04-03,184,3412.69,18.55,157.68,89,143
2022-04-04,203,3294.37,16.23,144.17,102,162
2022-04-05,221,3833.52,17.35,143.95,106,179
2022-04-06,208,3902.71,18.76,161.0,101,164
2022-04-07,189,3260.05,17.25,138.29,100,152
2022-04-08,199,3655.79,18.37,148.71,105,150
2022-04-09,176,3213.77,18.26,161.07,82,147
2022-04-10,154,2747.87,17.84,153.97,86,133
2022-04-11,211,3382.18,16.03,129.82,109,168
2022-04-12,207,3598.03,17.38,145.63,97,159
2022-04-13,171,2895.87,16.93,135.63,94,134
2022-04-14,204,3560.92,17.46,133.39,100,160
2022-04-15,234,4237.4,18.11,154.61,124,182
2022-04-16,206,3720.21,18.06,149.06,102,159
2022-04-17,169,3057.8,18.09,139.4,90,139
2022-04-18,213,3671.75,17.24,144.0,110,163
2022-04-19,224,3683.8,16.45,149.23,111,168
2022-04-20,216,3471.65,16.07,135.22,121,174
2022-04-21,202,3296.58,16.32,138.19,108,167
2022-04-22,195,3364.72,17.25,145.58,111,160
2022-04-23,209,3802.09,18.19,157.61,103,159
2022-04-24,176,3516.56,19.98,178.02,95,146
2022-04-25,192,2726.97,14.2,114.22,103,153
2022-04-26,187,3312.86,17.72,152.04,96,159
2022-04-27,247,4066.86,16.47,139.86,121,186
2022-04-28,185,3262.68,17.64,145.07,101,159
2022-04-29,225,3603.24,16.01,134.16,117,191
2022-04-30,204,3744.49,18.36,142.55,99,166
2022-05-01,199,3491.96,17.55,152.76,91,156
2022-05-02,202,3766.48,18.65,162.49,105,163
2022-05-03,229,3984.66,17.4,143.32,123,181
2022-05-04,246,4168.16,16.94,136.86,119,194
2022-05-05,227,3635.64,16.02,131.16,108,172
2022-05-06,262,4550.68,17.37,151.48,124,204
2022-05-07,208,3540.95,17.02,137.65,89,160
2022-05-08,197,3311.31,16.81,145.01,95,156
2022-05-09,218,3553.97,16.3,140.21,125,181
2022-05-10,183,3091.95,16.9,129.81,95,154
2022-05-11,225,3834.55,17.04,135.96,118,186
2022-05-12,198,3592.49,18.14,152.2,110,161
2022-05-13,174,3154.92,18.13,142.35,105,151
2022-05-14,225,3917.34,17.41,140.05,111,184
2022-05-15,177,3459.81,19.55,164.01,99,148
2022-05-16,220,3822.59,17.38,139.85,121,183
2022-05-17,212,3676.3,17.34,145.82,111,169
2022-05-18,219,3745.89,17.1,141.75,119,173
2022-05-19,192,3211.67,16.73,144.7,102,155
2022-05-20,242,4016.36,16.6,138.76,123,187
2022-05-21,203,3346.24,16.48,143.65,107,164
2022-05-22,194,3525.05,18.17,154.57,102,152
2022-05-23,240,4009.79,16.71,140.05,121,187
2022-05-24,248,4409.03,17.78,153.93,128,192
2022-05-25,242,4071.76,16.83,142.9,134,196
2022-05-26,232,4050.82,17.46,146.42,120,192
2022-05-27,237,4365.66,18.42,155.66,133,199
2022-05-28,214,3372.24,15.76,136.01,101,168
2022-05-29,185,3009.25,16.27,127.84,98,147
2022-05-30,194,3346.82,17.25,142.26,104,165
2022-05-31,244,4249.49,17.42,149.5,130,192
2022-06-01,206,3623.56,17.59,147.26,97,161
2022-06-02,226,3843.97,17.01,152.73,118,178
2022-06-03,249,4208.7,16.9,136.8,130,196
2022-06-04,215,3581.52,16.66,145.33,97,166
2022-06-05,164,2669.95,16.28,142.87,68,131
2022-06-06,216,4060.94,18.8,154.22,116,170
2022-06-07,235,4536.84,19.31,163.46,133,185
2022-06-08,256,3770.91,14.73,127.94,125,196
2022-06-09,258,4793.69,18.58,161.27,145,207
2022-06-10,244,3981.21,16.32,128.12,131,182
2022-06-11,219,3873.51,17.69,137.8,119,174
2022-06-12,179,3255.01,18.18,148.37,99,149
2022-06-13,204,3304.48,16.2,135.34,109,167
2022-06-14,197,3272.61,16.61,130.51,101,161
2022-06-15,253,4478.6,17.7,146.6,134,201
2022-06-16,220,3835.98,17.44,147.59,130,177
2022-06-17,229,4013.08,17.52,142.61,128,179
2022-06-18,230,4161.53,18.09,152.54,108,167
2022-06-19,196,3639.22,18.57,165.92,104,158
2022-06-20,251,4593.61,18.3,152.94,134,202
2022-06-21,239,4101.71,17.16,148.62,130,196
2022-06-22,249,4467.69,17.94,159.99,134,197
2022-06-23,258,4432.79,17.18,149.53,130,205
2022-06-24,198,3295.64,16.64,137.47,104,166
2022-06-25,228,3919.36,17.19,150.7,116,173
2022-06-26,207,3835.38,18.53,147.41,115,166
2022-06-27,228,3959.33,17.37,141.63,123,181
2022-06-28,214,3732.26,17.44,147.47,112,182
2022-06-29,233,3867.66,16.6,131.12,130,190
2022-06-30,228,4453.68,19.53,172.57,108,174
2022-07-01,278,4724.29,16.99,136.07,138,215
2022-07-02,232,4184.85,18.04,145.12,115,185
2022-07-03,228,4499.87,19.74,167.3,111,184
2022-07-04,246,4402.48,17.9,153.8,125,191
2022-07-05,231,3973.01,17.2,148.74,122,179
2022-07-06,280,5502.9,19.65,165.32,152,224
2022-07-07,259,5086.29,19.64,166.15,131,201
2022-07-08,266,4432.63,16.66,132.24,136,203
2022-07-09,243,4352.48,17.91,143.12,126,193
2022-07-10,209,3756.57,17.97,151.29,102,162
2022-07-11,238,4413.33,18.54,155.68,116,183
2022-07-12,261,4338.89,16.62,138.63,124,194
2022-07-13,259,4663.98,18.01,155.9,142,207
2022-07-14,267,4658.86,17.45,153.35,128,197
2022-07-15,221,3956.55,17.9,151.34,115,177
2022-07-16,264,4926.84,18.66,160.34,140,216
2022-07-17,224,3726.09,16.63,137.84,117,173
2022-07-18,266,4607.21,17.32,147.15,129,208
2022-07-19,264,4626.81,17.53,141.17,136,207
2022-07-20,284,4828.84,17.0,145.65,136,220
2022-07-21,272,4698.3,17.27,143.92,137,206
2022-07-22,268,4356.73,16.26,152.78,132,209
2022-07-23,268,4848.94,18.09,154.82,131,204
2022-07-24,247,4397.69,17.8,164.07,112,181
2022-07-25,251,4487.66,17.88,167.42,123,185
2022-07-26,292,4978.72,17.05,146.52,142,223
2022-07-27,291,5051.45,17.36,146.53,133,220
2022-07-28,303,5045.93,16.65,146.67,147,219
2022-07-29,301,5435.33,18.06,156.38,146,221
2022-07-30,206,3497.07,16.98,150.38,91,150
2022-07-31,169,3226.06,19.09,179.26,84,131
2022-08-01,248,4182.72,16.87,158.69,131,196
2022-08-02,267,4472.32,16.75,162.02,121,196
2022-08-03,270,5147.22,19.06,165.73,132,211
2022-08-04,285,5404.83,18.96,163.13,141,209
2022-08-05,295,5566.04,18.87,168.01,142,218
2022-08-06,258,4579.1,17.75,154.73,150,195
2022-08-07,293,5211.25,17.79,168.08,140,208
2022-08-08,263,4776.02,18.16,167.88,132,197
2022-08-09,262,4355.69,16.62,154.85,129,197
2022-08-10,310,5879.91,18.97,158.86,160,239
2022-08-11,277,4979.15,17.98,173.14,132,202
2022-08-12,291,5042.24,17.33,143.09,153,218
2022-08-13,282,5072.26,17.99,156.13,151,209
2022-08-14,276,4823.94,17.48,170.83,139,198
2022-08-15,275,4562.46,16.59,142.91,124,203
2022-08-16,274,4180.04,15.26,143.73,142,209
2022-08-17,216,4146.28,19.2,162.0,109,162
2022-08-18,274,4893.62,17.86,153.57,144,216
2022-08-19,231,4278.81,18.52,169.13,120,190
2022-08-20,242,4058.68,16.77,143.41,130,186
2022-08-21,254,4386.61,17.27,146.8,135,189
2022-08-22,249,4453.67,17.89,154.59,144,195
2022-08-23,263,4375.67,16.64,164.33,137,196
2022-08-24,270,4853.47,17.98,145.82,140,208
2022-08-25,253,4705.32,18.6,169.47,136,191
2022-08-26,253,4787.95,18.92,152.62,133,202
2022-08-27,236,3858.26,16.35,155.21,114,182
2022-08-28,206,3213.32,15.6,148.9,102,154
2022-08-29,255,4694.64,18.41,168.18,127,191
2022-08-30,226,4021.02,17.79,163.09,119,180
2022-08-31,229,4078.76,17.81,185.23,124,187
2022-09-01,267,4910.63,18.39,148.62,144,193
2022-09-02,153,2747.75,17.96,142.83,81,129
2022-09-03,206,3688.32,17.9,153.11,121,163
2022-09-04,134,2424.38,18.09,146.75,70,104
2022-09-05,42,719.62,17.13,100.45,25,39
2022-09-06,213,4091.27,19.21,186.15,118,168
2022-09-07,223,3856.95,17.3,151.77,130,177
2022-09-08,231,4405.9,19.07,162.39,132,192
2022-09-09,213,3989.75,18.73,143.92,124,179
2022-09-10,174,3098.53,17.81,160.88,90,135
2022-09-11,205,3416.58,16.67,152.13,113,153
2022-09-12,194,3886.16,20.03,167.83,110,156
2022-09-13,192,3397.0,17.69,165.2,100,149
2022-09-14,233,4021.9,17.26,132.88,119,176
2022-09-15,209,4108.31,19.66,174.33,111,174
2022-09-16,227,3932.49,17.32,155.95,124,180
2022-09-17,235,4322.34,18.39,160.78,124,179
2022-09-18,201,3381.59,16.82,164.82,95,155
2022-09-19,214,3716.53,17.37,145.43,122,163
2022-09-20,236,3970.2,16.82,140.48,129,182
2022-09-21,223,4090.08,18.34,155.24,124,174
2022-09-22,245,4333.46,17.69,145.09,134,194
2022-09-23,231,4029.28,17.44,152.93,128,182
2022-09-24,216,3424.54,15.85,138.54,102,165
2022-09-25,200,3558.92,17.79,160.98,112,164
2022-09-26,222,3995.26,18.0,139.21,126,175
2022-09-27,244,4404.18,18.05,153.26,124,184
2022-09-28,225,3673.44,16.33,136.83,118,182
2022-09-29,233,4170.49,17.9,154.42,127,184
2022-09-30,222,3426.76,15.44,116.27,129,185
