UserID,Sessions,TotalDemand,AverageDemand,AverageDuration,UniqueChargers,UniqueLocations
0,31553,524813.04,16.63,162.17,309,12
31,353,1960.46,5.55,98.59,36,7
95,348,9621.97,27.65,247.81,12,4
179,341,2126.46,6.24,165.86,12,6
40,323,2516.61,7.79,136.63,51,11
36,300,5440.75,18.14,156.19,4,2
1219,279,2973.14,10.66,37.95,32,7
74,244,2590.25,10.62,24.74,65,7
86,236,1626.02,6.89,177.18,17,6
15,217,1854.88,8.55,152.66,10,6
362,216,3286.59,15.22,123.46,47,6
105,215,6635.13,30.86,285.49,5,1
720,215,4854.38,22.58,197.13,8,2
29,204,2341.62,11.48,104.6,6,1
75,204,3195.27,15.66,26.47,15,6
106,203,5159.18,25.41,232.39,11,3
71,200,3229.66,16.15,66.38,44,9
1319,199,2845.03,14.3,31.41,51,9
70,196,3347.81,17.08,189.31,5,1
30,195,5832.12,29.91,43.36,45,6
167,192,1680.05,8.75,25.38,30,5
68,191,665.63,3.48,11.12,24,6
301,185,2278.25,12.31,35.43,19,5
9,181,2311.62,12.77,31.77,27,6
304,180,1465.98,8.14,139.24,24,5
87,178,1727.6,9.71,83.55,13,2
132,174,1451.22,8.34,186.6,7,5
241,171,1804.64,10.55,230.67,14,5
4,171,2716.41,15.89,161.28,4,1
38,169,1042.3,6.17,409.93,6,3
627,167,1595.89,9.56,163.99,8,4
54,166,2325.68,14.01,146.76,7,3
812,163,4079.58,25.03,135.3,55,8
80,160,1223.25,7.65,24.43,20,4
443,157,1882.97,11.99,34.36,45,9
1365,154,4895.77,31.79,280.03,18,9
102,154,3728.16,24.21,429.25,2,1
270,153,4418.34,28.88,399.87,15,6
1228,153,1407.7,9.2,83.63,6,1
208,153,1528.67,9.99,35.89,25,4
194,149,2895.04,19.43,368.8,17,6
107,149,1477.11,9.91,382.62,7,2
41,146,2050.77,14.05,22.23,34,8
463,144,815.48,5.66,98.71,14,8
434,144,1505.41,10.45,88.55,10,3
1611,140,4385.9,31.33,272.52,11,5
88,140,1094.15,7.82,132.37,10,5
156,138,1260.15,9.13,28.72,39,7
123,138,1005.68,7.29,135.09,23,6
1225,137,1751.1,12.78,118.82,6,1
20,137,1600.93,11.69,114.27,5,1
169,136,3770.94,27.73,48.49,12,5
324,134,896.92,6.69,113.99,3,2
448,134,2367.25,17.67,49.55,29,9
76,132,1169.01,8.86,196.29,7,5
439,131,3422.41,26.13,186.65,33,7
79,130,1770.41,13.62,131.1,1,1
245,130,4201.19,32.32,282.83,21,4
161,128,1656.33,12.94,82.09,28,6
186,126,1862.72,14.78,221.13,21,7
160,126,1596.72,12.67,111.9,5,1
172,126,2361.4,18.74,209.83,13,3
8,125,1484.56,11.88,186.58,4,3
119,125,2959.55,23.68,31.25,23,6
127,123,1236.22,10.05,90.37,7,2
1221,122,1951.07,15.99,135.02,19,6
98,122,4022.78,32.97,329.05,2,1
356,121,1048.41,8.66,110.36,29,9
279,121,2413.87,19.95,32.71,11,5
260,120,2156.92,17.97,34.12,49,10
165,120,4484.43,37.37,376.48,4,3
152,119,758.3,6.37,27.21,19,7
268,119,2782.64,23.38,45.49,33,8
124,119,1705.26,14.33,123.72,17,5
150,118,2014.09,17.07,55.94,69,9
108,118,1244.21,10.54,175.86,13,5
73,118,1484.81,12.58,132.69,9,4
1257,118,4866.21,41.24,452.88,2,2
293,118,1819.1,15.42,92.87,23,8
266,117,1281.17,10.95,108.76,25,4
255,113,3265.51,28.9,298.07,12,2
1229,112,1519.7,13.57,36.04,38,8
283,112,2629.17,23.47,226.22,2,1
1350,111,3446.36,31.05,140.12,27,7
148,111,806.83,7.27,65.52,8,4
431,111,1458.22,13.14,35.62,38,8
133,109,1797.54,16.49,33.35,18,4
1,109,3912.6,35.9,334.22,15,4
1629,108,742.03,6.87,129.11,4,1
718,108,595.0,5.51,94.21,8,3
109,107,1716.59,16.04,136.92,7,3
83,107,3139.76,29.34,55.27,14,7
27,107,964.77,9.02,93.23,19,7
2132,107,1502.81,14.04,153.83,3,2
60,106,993.91,9.38,62.69,37,8
11,106,1560.36,14.72,36.87,24,5
63,105,2158.33,20.56,204.63,14,4
91,103,1887.23,18.32,42.63,20,8
370,103,3181.88,30.89,236.19,10,4
228,100,2163.17,21.63,40.93,28,5
92,98,2450.75,25.01,34.91,22,6
313,98,2457.61,25.08,42.23,10,6
280,97,3985.04,41.08,417.6,7,2
1230,95,1220.09,12.84,114.17,10,2
180,94,839.53,8.93,150.73,13,6
32,93,1624.82,17.47,141.26,10,3
44,93,1973.11,21.22,50.66,40,10
1446,92,1241.25,13.49,119.55,8,2
927,92,3156.9,34.31,344.88,2,1
236,91,2985.0,32.8,288.95,9,2
147,91,1678.2,18.44,34.19,44,9
251,90,1788.07,19.87,148.77,10,3
93,90,1455.98,16.18,152.6,16,3
55,89,1974.37,22.18,47.98,31,7
89,89,939.61,10.56,101.21,2,1
187,89,3380.8,37.99,361.89,2,1
285,89,1914.32,21.51,407.13,11,6
413,88,2069.58,23.52,34.02,22,6
291,88,2189.59,24.88,251.84,5,1
62,88,1203.31,13.67,26.86,3,3
1222,87,948.64,10.9,110.53,7,2
1764,86,651.62,7.58,129.29,6,2
1484,86,1494.57,17.38,208.26,6,2
125,86,1025.48,11.92,52.51,12,5
1410,85,552.95,6.51,120.06,6,2
28,84,1571.64,18.71,51.65,29,8
219,84,861.45,10.26,335.89,12,3
199,83,1250.73,15.07,183.53,5,1
317,83,3032.09,36.53,346.3,8,4
265,83,1752.61,21.12,99.16,57,10
64,82,960.97,11.72,92.68,13,5
1223,82,1207.26,14.72,133.95,11,3
227,82,1374.23,16.76,32.5,12,3
121,82,853.1,10.4,22.02,15,5
390,81,2205.15,27.22,227.16,8,6
466,80,2130.37,26.63,36.95,9,3
37,80,1581.02,19.76,46.35,22,8
403,79,2407.6,30.48,295.62,3,2
229,79,1390.96,17.61,148.52,5,1
424,78,2281.77,29.25,40.53,23,6
436,77,263.21,3.42,57.06,36,9
343,77,431.6,5.61,100.39,20,6
329,76,3648.91,48.01,396.7,9,4
135,76,2926.32,38.5,337.62,13,5
1185,76,2141.67,28.18,44.82,24,8
233,76,2851.43,37.52,438.99,2,1
396,75,928.7,12.38,67.72,44,8
103,75,2961.12,39.48,361.29,7,3
385,75,575.7,7.68,159.87,18,8
507,75,3191.03,42.55,355.11,8,2
100,75,1532.47,20.43,134.61,24,10
423,74,1438.45,19.44,42.23,29,4
240,74,3029.1,40.93,394.03,2,1
195,74,1469.66,19.86,176.12,6,1
1011,74,2582.44,34.9,223.18,30,10
112,74,604.88,8.17,156.3,14,4
401,73,1141.91,15.64,137.23,5,1
42,73,1011.3,13.85,121.66,5,1
452,73,1860.77,25.49,215.0,6,4
7,73,1428.98,19.58,237.88,7,3
146,73,1291.16,17.69,42.66,15,6
582,72,1300.2,18.06,34.96,19,4
391,72,2750.69,38.2,358.42,2,1
116,72,1715.84,23.83,54.28,36,7
383,72,821.02,11.4,120.58,6,2
912,71,1194.96,16.83,144.62,2,1
237,71,2302.69,32.43,301.72,9,4
422,71,3058.49,43.08,388.9,2,1
223,71,1137.47,16.02,174.49,1,1
18,70,1332.61,19.04,88.77,21,4
425,68,1205.47,17.73,99.85,19,6
115,68,1614.93,23.75,195.54,9,2
1453,68,279.26,4.11,73.0,18,9
191,67,647.49,9.66,170.57,14,5
61,67,1039.04,15.51,27.42,14,2
1326,67,2143.8,32.0,47.07,10,5
450,67,2832.69,42.28,368.03,3,2
193,67,2553.07,38.11,321.34,9,4
1224,67,432.67,6.46,58.4,16,4
492,66,1383.87,20.97,174.23,6,4
1717,66,633.74,9.6,192.89,7,4
418,66,1365.07,20.68,37.52,3,3
159,65,459.18,7.06,122.45,13,5
594,65,1687.7,25.96,262.29,1,1
309,65,523.92,8.06,73.69,29,9
114,65,1836.29,28.25,35.35,20,5
1448,64,964.0,15.06,134.72,7,2
128,63,454.06,7.21,137.17,2,1
173,63,3070.35,48.74,92.86,8,4
13,63,1993.72,31.65,304.68,11,1
196,63,447.24,7.1,135.81,20,5
190,63,2163.01,34.33,325.92,6,2
1454,62,420.45,6.78,17.73,10,6
96,62,2347.99,37.87,324.84,5,1
176,62,775.7,12.51,172.81,13,7
17,62,1040.53,16.78,39.42,27,8
244,61,1729.1,28.35,270.9,8,3
158,61,933.26,15.3,73.49,23,5
1824,61,1105.75,18.13,46.15,19,6
178,60,474.74,7.91,69.48,3,1
354,60,1958.57,32.64,299.65,5,1
1447,60,855.22,14.25,130.6,6,1
952,59,767.54,13.01,40.07,24,7
33,59,837.96,14.2,85.07,18,7
1401,58,810.85,13.98,168.81,10,4
527,58,463.38,7.99,135.74,10,6
339,57,1340.32,23.51,106.98,17,5
212,57,2636.93,46.26,388.72,6,4
216,57,2625.14,46.06,496.7,4,3
794,57,610.72,10.71,213.95,1,1
242,56,951.72,17.0,101.7,33,8
276,56,1349.1,24.09,42.61,10,4
357,56,1830.76,32.69,104.46,31,9
455,56,622.68,11.12,210.09,6,1
53,56,1283.19,22.91,36.45,2,1
671,56,924.66,16.51,29.54,18,6
1976,56,768.74,13.73,44.96,13,4
461,56,1474.08,26.32,238.21,6,2
738,55,2335.93,42.47,362.58,14,4
910,55,545.63,9.92,81.25,22,6
1231,55,890.11,16.18,151.38,6,1
1908,55,1273.07,23.15,36.29,26,5
378,55,1260.45,22.92,193.07,11,5
407,55,858.44,15.61,52.36,16,5
202,55,770.65,14.01,126.11,6,1
247,55,929.47,16.9,52.76,7,4
1691,54,1252.22,23.19,39.22,2,1
657,54,645.62,11.96,212.72,4,2
684,54,283.84,5.26,44.76,10,5
140,54,1453.62,26.92,34.74,17,6
23,54,636.22,11.78,106.98,6,1
464,53,963.85,18.19,28.13,22,9
77,53,1063.84,20.07,83.49,26,6
6,53,2009.16,37.91,289.94,12,4
104,52,2540.75,48.86,427.1,2,1
769,52,1410.39,27.12,77.75,17,5
142,52,848.86,16.32,30.71,9,2
389,52,1719.86,33.07,134.6,15,5
1520,52,799.17,15.37,142.13,9,7
880,52,643.72,12.38,31.4,8,5
1274,51,1471.81,28.86,262.47,5,1
449,51,638.29,12.52,139.25,1,1
136,51,1116.54,21.89,36.27,8,5
852,50,353.98,7.08,60.28,7,3
326,50,1186.15,23.72,34.04,26,6
1505,50,863.95,17.28,156.54,9,2
22,49,406.28,8.29,144.9,7,4
1362,49,712.89,14.55,36.33,13,4
1217,49,424.53,8.66,23.49,14,5
1402,49,1181.3,24.11,31.41,15,5
1433,49,1352.16,27.6,23.73,1,1
768,49,816.52,16.66,51.67,30,7
467,49,1337.0,27.29,271.73,4,2
289,49,1413.95,28.86,262.04,2,1
113,49,933.03,19.04,119.76,6,3
994,49,1316.0,26.86,282.86,4,2
129,48,477.96,9.96,215.15,13,6
375,48,1514.8,31.56,317.25,11,1
1772,48,143.32,2.99,59.52,19,8
162,48,1151.16,23.98,36.62,19,5
1389,48,754.14,15.71,38.92,3,3
1586,48,1565.56,32.62,57.08,16,6
1220,47,685.73,14.59,127.62,11,5
81,47,779.13,16.58,50.91,14,5
1110,47,955.3,20.33,182.57,1,1
820,47,716.47,15.24,115.87,9,4
1489,47,1486.94,31.64,280.45,4,1
336,47,1933.23,41.13,36.72,4,3
1955,46,423.42,9.2,32.41,23,5
1710,46,749.66,16.3,163.17,5,2
168,46,1364.68,29.67,35.28,3,1
428,46,797.79,17.34,35.22,22,6
12,46,855.9,18.61,40.5,18,6
367,46,1164.15,25.31,133.09,9,5
410,46,463.71,10.08,173.72,5,4
118,46,330.2,7.18,131.96,5,1
346,46,311.76,6.78,180.54,20,9
634,46,1776.24,38.61,345.46,5,1
1071,45,368.87,8.2,86.36,21,8
717,45,1881.71,41.82,508.93,4,3
2276,45,697.48,15.5,26.87,5,1
261,44,1242.96,28.25,102.05,23,8
286,44,700.61,15.92,133.43,34,9
476,44,633.36,14.39,25.39,18,6
1352,44,154.22,3.5,201.86,5,3
932,44,900.6,20.47,352.48,4,1
460,44,1610.12,36.59,333.11,2,1
97,44,263.01,5.98,106.34,3,2
99,43,1792.09,41.68,382.26,5,1
203,43,752.84,17.51,67.44,37,7
84,43,363.52,8.45,179.02,7,3
90,43,425.0,9.88,252.65,2,1
67,43,513.88,11.95,126.42,4,4
1227,43,849.58,19.76,172.81,10,4
45,43,1257.62,29.25,92.09,11,6
484,43,380.76,8.85,157.33,2,2
1645,42,209.22,4.98,81.86,7,6
1165,42,646.25,15.39,26.67,19,5
714,42,404.57,9.63,92.24,16,7
481,41,1391.14,33.93,330.0,5,1
1745,41,795.41,19.4,37.22,15,2
2,41,807.01,19.68,171.24,2,1
479,41,787.51,19.21,151.95,35,8
352,41,434.64,10.6,30.8,31,9
598,41,1120.07,27.32,249.63,5,3
21,41,524.54,12.79,147.22,5,1
886,41,546.94,13.34,131.9,2,2
213,40,385.79,9.64,32.4,24,7
267,40,1343.32,33.58,156.82,21,4
788,40,542.46,13.56,31.92,15,4
474,40,561.21,14.03,65.15,29,5
205,40,1245.53,31.14,342.62,13,6
1296,40,510.68,12.77,109.42,5,3
469,39,620.74,15.92,89.21,20,4
2356,39,304.79,7.82,161.41,6,2
1411,39,353.1,9.05,388.18,10,6
1494,39,1128.81,28.94,230.79,4,1
1383,39,465.67,11.94,112.97,2,1
1126,39,383.54,9.83,118.38,3,2
453,39,1050.16,26.93,237.9,5,1
345,39,617.39,15.83,47.72,28,7
824,38,387.25,10.19,14.11,25,6
246,38,588.02,15.47,86.97,33,6
1247,38,1170.72,30.81,50.08,14,8
188,38,1072.54,28.22,230.89,6,3
204,38,986.6,25.96,263.97,7,1
278,38,1155.8,30.42,271.29,2,1
599,38,526.98,13.87,102.29,18,8
349,38,633.13,16.66,93.45,30,8
736,37,438.7,11.86,26.49,15,7
131,37,621.0,16.78,185.57,14,4
514,37,493.62,13.34,118.51,6,2
1668,37,850.94,23.0,50.95,7,2
704,37,274.66,7.42,83.95,10,4
143,37,676.61,18.29,36.3,14,5
262,37,694.0,18.76,165.24,9,4
51,37,896.35,24.23,36.43,4,3
235,37,1256.99,33.97,268.59,12,4
1930,36,556.32,15.45,86.78,8,3
1569,36,302.41,8.4,149.5,6,2
101,36,1546.35,42.95,359.69,7,3
151,36,1345.4,37.37,294.86,13,4
294,36,1480.78,41.13,392.25,10,1
379,36,334.99,9.31,85.39,8,4
512,36,765.87,21.27,94.03,21,7
271,35,630.07,18.0,69.46,27,9
972,35,565.41,16.15,27.37,9,3
35,35,842.74,24.08,183.6,14,5
34,35,525.28,15.01,23.31,10,5
1226,35,498.95,14.26,132.51,6,1
272,35,320.9,9.17,156.54,7,1
218,35,328.48,9.39,128.6,5,3
545,35,364.21,10.41,19.57,26,7
331,35,572.94,16.37,130.2,29,8
486,35,883.62,25.25,38.03,1,1
510,35,327.45,9.36,269.74,4,2
420,35,383.95,10.97,80.06,17,5
170,35,695.31,19.87,684.97,10,3
3,35,801.08,22.89,167.66,13,7
1769,34,480.66,14.14,132.59,3,1
447,34,725.16,21.33,34.85,3,2
416,34,582.21,17.12,110.06,26,8
1190,34,913.38,26.86,67.56,13,7
174,34,485.11,14.27,138.91,1,1
369,34,1169.78,34.41,38.68,7,6
1999,34,359.76,10.58,277.74,4,3
603,34,1451.82,42.7,381.74,11,2
1893,34,471.78,13.88,39.94,15,7
636,34,543.25,15.98,157.88,7,4
658,33,424.73,12.87,95.85,25,8
1423,33,300.93,9.12,154.33,8,5
256,33,650.56,19.71,113.24,18,7
248,33,462.39,14.01,133.58,11,3
243,33,885.26,26.83,257.67,2,1
139,33,403.51,12.23,112.48,5,1
333,32,492.2,15.38,49.22,27,9
415,32,923.4,28.86,250.19,3,1
325,32,625.85,19.56,185.72,7,4
843,32,589.75,18.43,160.22,3,2
373,32,556.19,17.38,44.69,15,5
2085,32,623.8,19.49,514.88,6,2
287,32,643.62,20.11,34.25,7,5
201,32,377.24,11.79,86.62,9,3
14,32,572.52,17.89,95.31,18,8
1400,32,509.21,15.91,27.91,14,4
1836,31,964.53,31.11,263.61,6,2
1154,31,1145.41,36.95,338.55,2,1
1329,31,798.69,25.76,34.58,18,4
340,31,773.08,24.94,155.61,14,6
1761,31,369.41,11.92,29.26,23,6
553,31,226.8,7.32,53.03,25,8
1398,31,465.84,15.03,46.06,22,8
863,31,480.74,15.51,37.32,3,3
312,31,706.76,22.8,350.48,10,5
437,31,615.71,19.86,33.65,5,3
892,31,224.11,7.23,120.65,17,7
1583,31,273.83,8.83,172.61,4,1
1403,31,812.63,26.21,45.42,10,2
1860,30,441.03,14.7,469.67,4,3
1213,30,937.04,31.23,34.63,4,2
230,30,391.4,13.05,38.53,16,5
388,30,1415.08,47.17,510.73,10,1
497,30,961.17,32.04,40.1,4,2
1056,30,108.08,3.6,64.23,13,8
528,30,1202.26,40.08,348.07,2,1
409,29,1225.55,42.26,359.62,6,1
49,29,1052.71,36.3,259.45,16,7
1751,29,740.93,25.55,92.34,14,6
708,29,181.77,6.27,108.07,16,7
85,29,343.33,11.84,61.97,10,4
615,28,382.03,13.64,39.79,12,6
1514,28,594.15,21.22,35.89,5,2
282,28,1380.3,49.3,86.46,5,4
303,28,946.2,33.79,37.21,7,4
350,28,624.14,22.29,34.04,13,4
791,28,616.73,22.03,46.36,4,1
24,28,445.41,15.91,67.21,25,9
611,28,785.64,28.06,62.68,12,6
1907,27,414.41,15.35,20.37,19,5
277,27,1073.59,39.76,380.63,6,1
427,27,641.02,23.74,40.96,16,4
668,27,665.59,24.65,72.37,7,4
803,27,216.26,8.01,72.59,5,3
1168,27,462.14,17.12,57.78,12,4
496,27,480.02,17.78,176.26,21,8
1947,27,683.3,25.31,168.74,11,6
554,27,522.99,19.37,46.44,2,2
281,27,474.92,17.59,81.59,25,8
412,27,323.52,11.98,42.56,19,8
177,26,205.54,7.91,138.38,1,1
515,26,264.46,10.17,53.04,25,7
716,26,486.76,18.72,95.0,23,6
1977,26,687.88,26.46,403.81,8,5
681,26,712.03,27.39,231.12,1,1
239,26,400.71,15.41,52.81,22,7
318,26,827.91,31.84,96.92,15,6
359,26,601.32,23.13,156.96,13,6
56,26,353.37,13.59,41.88,10,5
1445,26,413.99,15.92,261.92,7,6
2340,26,267.76,10.3,35.23,11,8
16,26,239.52,9.21,81.42,2,1
877,26,353.6,13.6,134.12,2,1
808,26,246.1,9.47,96.08,3,1
2294,26,474.76,18.26,40.0,4,3
541,25,218.61,8.74,102.96,15,6
371,25,154.32,6.17,161.0,9,3
574,25,535.55,21.42,32.24,20,5
1895,25,387.3,15.49,56.0,21,7
46,25,466.68,18.67,333.44,3,1
368,25,107.8,4.31,123.56,7,5
1081,25,213.01,8.52,160.32,7,3
1439,25,647.5,25.9,33.04,7,2
1904,25,606.35,24.25,174.64,14,5
231,25,450.85,18.03,50.36,5,2
184,24,393.81,16.41,54.92,21,7
419,24,294.97,12.29,208.54,7,3
426,24,470.33,19.6,89.88,8,4
258,24,257.26,10.72,187.04,9,5
1849,24,573.14,23.88,36.83,3,1
473,24,765.34,31.89,231.58,12,5
1858,24,244.7,10.2,171.46,3,2
26,24,614.0,25.58,172.62,14,6
1574,24,180.29,7.51,132.75,9,4
1196,24,110.95,4.62,101.42,6,3
697,24,131.39,5.47,117.25,9,5
864,24,442.86,18.45,49.04,18,9
138,24,438.71,18.28,109.67,20,7
827,23,667.26,29.01,126.3,8,4
334,23,1014.81,44.12,103.65,4,2
663,23,560.45,24.37,76.17,12,6
2244,23,292.7,12.73,105.17,4,1
941,23,135.91,5.91,103.78,20,5
508,23,478.49,20.8,159.52,8,3
807,23,196.0,8.52,87.52,11,5
302,23,1028.5,44.72,404.35,4,3
1703,23,780.54,33.94,279.91,8,3
1361,23,438.61,19.07,175.22,7,2
1107,23,602.9,26.21,53.48,15,5
703,23,278.6,12.11,68.52,16,6
222,23,347.0,15.09,41.96,3,2
217,23,500.6,21.77,118.48,19,7
706,23,294.48,12.8,36.91,8,3
353,22,1225.17,55.69,507.0,5,1
1283,22,180.52,8.21,76.5,15,5
690,22,1031.35,46.88,397.73,6,4
503,22,99.67,4.53,83.77,8,4
766,22,154.28,7.01,147.59,10,6
183,22,651.98,29.64,269.59,5,1
643,22,380.11,17.28,103.82,18,6
310,22,306.46,13.93,127.55,2,1
224,22,394.0,17.91,74.36,20,9
207,22,678.51,30.84,57.23,8,5
1124,22,760.09,34.55,301.73,4,1
1208,22,717.51,32.61,271.45,8,3
134,22,657.05,29.87,197.18,13,5
94,22,149.27,6.78,123.36,3,1
1689,21,1236.58,58.88,496.05,11,4
782,21,284.56,13.55,719.1,4,2
1297,21,493.65,23.51,57.05,3,3
330,21,680.29,32.39,253.71,18,8
402,21,507.13,24.15,39.76,7,3
860,21,97.39,4.64,43.33,1,1
2081,21,644.4,30.69,90.48,11,6
2384,21,1.03,0.05,0.48,13,2
215,21,300.96,14.33,112.86,6,4
1474,21,660.59,31.46,35.95,15,5
1137,21,200.58,9.55,76.71,5,5
197,21,225.64,10.74,183.24,3,2
322,20,288.32,14.42,113.35,11,6
513,20,931.51,46.58,405.1,2,1
1523,20,55.51,2.78,59.0,9,6
985,20,705.82,35.29,351.7,8,2
435,20,112.89,5.64,76.7,5,3
2421,20,468.07,23.4,194.65,8,2
458,20,524.69,26.23,239.85,4,1
263,20,330.67,16.53,88.1,10,5
1946,20,168.04,8.4,625.35,2,2
1367,20,351.18,17.56,25.1,13,4
517,20,555.08,27.75,55.05,5,3
214,20,834.05,41.7,226.45,14,7
254,20,405.6,20.28,50.4,17,7
120,20,137.11,6.86,198.65,1,1
10,19,260.15,13.69,128.95,4,2
210,19,129.49,6.82,116.79,4,2
122,19,292.02,15.37,54.68,18,7
1833,19,712.2,37.48,344.42,2,1
725,19,156.74,8.25,77.16,11,5
547,19,130.81,6.88,112.42,12,5
52,19,460.4,24.23,37.95,15,5
472,19,688.5,36.24,337.26,4,2
2145,19,398.88,20.99,182.21,2,1
137,19,334.96,17.63,178.68,3,3
525,19,120.49,6.34,326.89,11,3
1343,19,474.08,24.95,34.58,9,4
405,19,710.57,37.4,246.58,15,6
1528,19,293.09,15.43,152.84,10,6
1575,19,453.84,23.89,60.16,14,5
2173,19,186.48,9.81,252.95,1,1
2112,18,152.7,8.48,149.22,3,3
182,18,311.64,17.31,34.28,11,4
421,18,457.37,25.41,33.83,9,2
1869,18,222.26,12.35,318.17,1,1
57,18,482.06,26.78,36.22,2,1
457,18,212.19,11.79,170.0,3,1
206,18,513.77,28.54,279.89,6,3
252,18,346.61,19.26,59.44,16,7
2225,18,396.3,22.02,195.33,5,1
1804,18,346.35,19.24,34.28,14,6
1666,18,451.87,25.1,41.33,8,5
141,18,493.69,27.43,268.06,4,3
1480,18,132.58,7.37,68.72,4,1
1354,18,105.98,5.89,111.72,10,4
1302,18,475.4,26.41,237.06,3,1
482,17,344.33,20.25,174.24,2,1
149,17,132.88,7.82,74.35,10,5
1965,17,367.39,21.61,50.76,7,3
1986,17,587.74,34.57,292.94,3,2
732,17,553.6,32.56,259.06,8,4
209,17,269.61,15.86,47.82,10,8
571,17,307.17,18.07,83.82,15,8
171,17,530.33,31.2,37.24,3,2
511,17,163.85,9.64,86.65,9,2
490,17,151.29,8.9,103.76,8,2
117,17,657.43,38.67,97.76,9,4
1282,17,358.54,21.09,31.59,6,4
164,16,251.88,15.74,33.12,10,4
1449,16,226.28,14.14,128.88,4,1
1407,16,101.34,6.33,115.81,10,6
869,16,113.33,7.08,65.94,7,4
259,16,325.85,20.37,30.19,6,4
752,16,442.36,27.65,63.38,9,3
1805,16,286.26,17.89,33.69,10,4
1861,16,306.53,19.16,70.19,13,6
904,16,124.63,7.79,145.62,2,1
253,16,349.31,21.83,190.06,2,1
922,16,279.69,17.48,38.62,7,5
374,16,473.89,29.62,78.38,4,2
900,16,163.43,10.21,184.69,5,3
298,15,33.75,2.25,123.47,1,1
323,15,683.4,45.56,404.33,4,2
1820,15,295.33,19.69,34.8,7,2
1708,15,258.47,17.23,139.07,10,4
851,15,553.81,36.92,59.0,8,3
2241,15,152.06,10.14,23.6,8,3
2291,15,157.04,10.47,174.93,4,3
806,15,268.83,17.92,69.4,13,8
960,15,382.31,25.49,36.73,10,2
2227,15,158.37,10.56,418.93,3,1
1093,15,194.88,12.99,136.47,6,5
835,15,724.67,48.31,441.13,4,1
1926,15,169.1,11.27,85.73,3,3
1175,15,155.42,10.36,42.73,10,4
498,15,294.44,19.63,31.07,7,4
1934,15,232.25,15.48,31.33,9,3
72,15,212.38,14.16,32.2,12,6
562,15,361.11,24.07,39.87,6,2
189,15,299.35,19.96,187.13,4,2
307,15,581.66,38.78,57.47,7,5
444,15,280.95,18.73,184.33,4,1
887,15,201.43,13.43,276.93,3,2
432,15,298.43,19.9,34.8,10,5
2388,14,226.3,16.16,41.36,10,5
536,14,314.41,22.46,33.36,6,4
702,14,198.8,14.2,62.29,12,5
1713,14,254.91,18.21,93.64,8,2
579,14,323.87,23.13,205.14,14,6
662,14,187.46,13.39,77.36,12,7
762,14,135.02,9.64,101.71,2,1
386,14,632.08,45.15,381.29,3,1
888,14,236.71,16.91,57.21,14,4
838,14,190.35,13.6,289.36,3,2
376,14,212.73,15.19,149.36,2,1
2153,14,183.89,13.14,109.07,3,1
1622,14,73.87,5.28,88.57,11,4
200,14,209.72,14.98,228.07,3,3
82,14,111.91,7.99,88.93,6,4
2217,14,86.85,6.2,55.5,9,5
1588,14,54.7,3.91,17.14,8,4
1387,14,139.45,9.96,59.86,11,7
1499,14,96.65,6.9,137.79,8,3
274,14,283.04,20.22,65.79,11,4
1736,13,231.47,17.81,112.23,7,4
500,13,236.12,18.16,31.54,6,3
560,13,90.91,6.99,68.92,4,2
2186,13,268.87,20.68,173.08,2,1
1711,13,437.69,33.67,43.85,5,2
1241,13,224.37,17.26,139.77,11,4
1998,13,147.1,11.32,38.69,3,2
2020,13,292.36,22.49,183.08,3,1
1232,13,121.71,9.36,164.31,6,5
751,13,198.95,15.3,25.31,5,3
575,13,74.98,5.77,51.0,9,2
558,13,36.7,2.82,78.31,10,4
1667,13,258.61,19.89,55.38,13,5
667,13,88.92,6.84,91.85,9,5
1554,13,311.11,23.93,59.62,5,3
1859,13,436.4,33.57,544.85,3,2
1559,13,427.0,32.85,611.85,3,2
1417,13,63.3,4.87,86.31,6,6
50,13,266.17,20.47,34.23,4,3
1001,13,96.08,7.39,66.54,8,5
1956,13,313.54,24.12,50.31,10,4
1404,13,100.93,7.76,136.46,7,3
19,13,274.75,21.13,36.08,5,2
1720,12,167.93,13.99,126.17,2,1
713,12,304.62,25.38,226.75,4,1
698,12,215.94,18.0,25.75,8,5
433,12,458.31,38.19,49.25,3,2
1051,12,257.16,21.43,37.83,5,4
493,12,385.43,32.12,192.83,7,4
1982,12,63.37,5.28,91.42,11,5
1235,12,228.69,19.06,39.08,10,4
1285,12,43.27,3.61,61.5,7,4
66,12,322.2,26.85,30.75,6,2
1005,12,268.25,22.35,215.17,6,2
414,12,380.84,31.74,46.0,6,4
2207,12,176.49,14.71,35.75,11,5
628,12,114.33,9.53,80.5,5,2
381,12,156.54,13.04,22.08,9,5
406,12,302.68,25.22,221.75,5,1
155,12,201.31,16.78,159.67,5,2
2292,12,405.87,33.82,320.25,2,1
1101,11,53.91,4.9,83.45,9,5
700,11,89.65,8.15,70.73,1,1
1096,11,254.61,23.15,204.73,2,1
1177,11,228.5,20.77,190.73,2,1
284,11,399.51,36.32,52.18,3,2
47,11,196.61,17.87,149.64,5,3
2218,11,223.08,20.28,28.73,4,1
250,11,238.51,21.68,41.27,6,2
855,11,291.78,26.53,58.55,5,3
645,11,207.22,18.84,184.0,4,4
1305,11,88.42,8.04,81.73,6,5
351,11,284.86,25.9,284.27,3,1
1615,11,73.89,6.72,123.18,6,3
1625,11,144.69,13.15,33.18,6,3
765,11,331.55,30.14,54.73,1,1
1656,11,89.88,8.17,69.36,2,2
557,11,270.45,24.59,86.55,3,1
65,10,340.47,34.05,306.5,1,1
1210,10,268.12,26.81,241.9,5,3
1212,10,247.55,24.76,39.1,5,3
1184,10,244.64,24.46,67.9,5,3
572,10,108.18,10.82,281.1,5,4
549,10,170.49,17.05,66.4,7,5
2125,10,194.85,19.48,185.2,3,3
175,10,266.73,26.67,27.8,5,4
1161,10,252.61,25.26,176.2,6,4
2266,10,245.74,24.57,226.9,1,1
1188,10,74.46,7.45,72.9,9,6
1277,10,71.6,7.16,65.3,7,5
1608,10,202.17,20.22,28.1,6,1
1295,10,204.29,20.43,186.1,9,5
516,10,64.83,6.48,20.6,9,4
975,10,93.47,9.35,44.9,10,4
1944,10,97.95,9.8,20.6,8,4
917,10,57.61,5.76,102.8,8,4
844,10,78.82,7.88,143.7,3,2
845,10,41.99,4.2,71.8,8,6
441,10,260.21,26.02,32.2,4,3
631,10,99.88,9.99,88.0,9,6
1760,10,73.88,7.39,65.5,5,5
2464,10,45.59,4.56,104.5,2,1
951,10,76.75,7.68,133.3,2,1
2393,10,62.58,6.26,150.9,1,1
539,10,284.16,28.42,124.8,7,4
1630,10,68.21,6.82,46.2,6,4
1618,10,139.8,13.98,100.0,7,3
749,10,134.13,13.41,277.3,7,7
2126,10,371.84,37.18,312.4,6,1
2298,10,124.34,12.43,107.8,1,1
2456,10,159.7,15.97,142.2,1,1
363,10,310.43,31.04,273.8,1,1
856,10,54.67,5.47,91.5,9,6
348,9,79.0,8.78,85.33,4,4
1811,9,107.13,11.9,19.89,9,6
1060,9,47.42,5.27,93.44,7,3
715,9,48.0,5.33,97.89,4,2
1676,9,32.39,3.6,174.44,4,3
43,9,398.56,44.28,371.78,3,2
1078,9,42.89,4.77,83.33,1,1
849,9,117.85,13.09,32.33,7,3
1765,9,56.96,6.33,106.11,4,1
58,9,270.78,30.09,218.11,6,4
238,9,74.89,8.32,146.0,1,1
1864,9,144.11,16.01,69.11,5,3
1373,9,176.99,19.67,40.22,6,3
792,9,34.72,3.86,69.56,6,5
621,9,105.84,11.76,57.0,6,5
1356,9,152.17,16.91,58.33,8,4
1544,9,95.81,10.65,92.89,4,3
192,9,187.37,20.82,379.33,3,1
1564,9,105.57,11.73,35.89,8,4
1995,9,123.54,13.73,23.56,6,3
1599,9,153.06,17.01,152.33,4,2
1022,9,105.43,11.71,115.33,5,3
487,9,50.49,5.61,86.56,3,3
1320,9,224.13,24.9,38.33,6,5
1020,9,92.0,10.22,23.33,5,3
1664,9,383.68,42.63,389.78,5,2
1607,9,188.43,20.94,25.67,6,1
1697,8,97.28,12.16,286.12,1,1
1125,8,75.88,9.48,46.75,7,4
2465,8,218.47,27.31,231.38,1,1
1781,8,176.73,22.09,46.12,6,3
2460,8,51.79,6.47,179.88,5,4
831,8,163.96,20.49,45.75,6,4
471,8,134.92,16.87,31.75,8,4
1768,8,183.46,22.93,42.38,7,4
676,8,114.31,14.29,253.38,3,2
719,8,86.03,10.75,262.62,7,4
1063,8,62.78,7.85,76.75,7,4
568,8,102.9,12.86,29.75,6,4
2104,8,152.35,19.04,41.12,2,1
688,8,42.73,5.34,50.38,4,3
712,8,128.92,16.12,36.75,7,4
1164,8,92.71,11.59,61.25,7,5
520,8,90.19,11.27,113.62,4,3
606,8,186.93,23.37,34.38,4,4
1209,8,183.38,22.92,57.0,8,3
300,8,49.8,6.22,103.62,1,1
2021,8,365.0,45.62,411.62,4,1
1023,8,111.49,13.94,63.38,5,3
666,8,9.57,1.2,11.62,2,2
1851,8,161.58,20.2,58.5,5,4
1416,8,91.49,11.44,28.12,8,3
1378,8,64.2,8.02,138.5,4,1
2268,8,59.95,7.49,37.0,7,4
1536,8,83.75,10.47,113.75,2,1
1571,8,73.18,9.15,167.38,4,2
882,8,130.86,16.36,29.25,6,3
642,8,141.02,17.63,30.5,7,4
699,7,95.57,13.65,20.86,6,4
567,7,188.3,26.9,320.43,4,1
573,7,169.81,24.26,51.57,4,3
1699,7,32.1,4.59,75.86,6,3
1698,7,54.48,7.78,85.43,6,3
1792,7,138.6,19.8,229.29,2,2
1153,7,28.22,4.03,17.43,6,3
2124,7,112.07,16.01,34.0,6,3
1646,7,37.12,5.3,88.43,7,5
69,7,109.85,15.69,68.43,3,3
454,7,62.9,8.99,150.57,4,2
785,7,155.95,22.28,37.86,5,4
597,7,26.82,3.83,67.29,5,3
2370,7,136.36,19.48,26.43,3,1
740,7,127.12,18.16,150.57,4,3
1672,7,21.5,3.07,27.29,2,1
1606,7,126.79,18.11,26.0,4,1
537,7,355.5,50.79,447.29,2,1
533,7,70.04,10.01,174.57,3,2
399,7,180.58,25.8,213.71,2,1
2359,7,146.44,20.92,34.57,4,2
2235,7,118.68,16.95,28.43,6,5
754,7,149.39,21.34,40.43,7,5
1313,7,62.44,8.92,148.43,6,4
774,7,248.8,35.54,336.43,2,1
1845,7,64.73,9.25,18.14,6,4
1882,7,78.74,11.25,276.71,6,2
1865,7,129.28,18.47,36.43,5,3
1392,7,76.18,10.88,181.71,5,2
2193,7,82.3,11.76,102.14,6,4
1525,7,57.4,8.2,68.57,4,3
320,7,253.54,36.22,48.29,5,3
295,7,28.36,4.05,88.0,6,3
1497,7,32.7,4.67,46.57,2,1
2387,7,55.29,7.9,72.71,2,1
640,7,39.71,5.67,98.29,2,2
890,7,174.79,24.97,159.71,3,2
478,7,37.43,5.35,62.29,3,2
1435,7,56.19,8.03,71.71,4,3
2420,7,135.37,19.34,37.29,4,3
862,7,22.97,3.28,56.43,6,3
829,7,34.66,4.95,83.57,5,4
1914,7,36.67,5.24,90.86,4,4
633,7,162.36,23.19,212.14,5,1
475,7,147.11,21.02,78.43,3,1
1451,7,46.27,6.61,61.43,4,3
1929,7,91.7,13.1,89.29,7,3
1766,7,52.52,7.5,21.29,5,4
1759,7,36.81,5.26,94.29,2,2
1714,7,55.45,7.92,177.14,2,1
2470,7,109.91,15.7,30.43,5,5
1739,6,289.72,48.29,369.5,4,2
1724,6,47.22,7.87,70.83,6,4
1731,6,119.82,19.97,49.33,6,4
1927,6,123.57,20.6,108.0,5,3
1905,6,120.99,20.16,103.67,4,3
1920,6,83.78,13.96,141.5,5,3
834,6,234.2,39.03,368.83,3,1
868,6,102.25,17.04,155.17,2,1
1856,6,86.45,14.41,40.5,6,2
929,6,37.4,6.23,66.33,5,4
1502,6,38.51,6.42,110.0,3,3
380,6,53.06,8.84,14.33,5,3
1506,6,130.64,21.77,27.17,6,4
1363,6,218.8,36.47,304.83,6,6
921,6,115.15,19.19,167.5,3,1
355,6,49.64,8.27,20.67,2,1
319,6,61.29,10.22,40.5,5,5
1957,6,109.84,18.31,144.83,5,3
153,6,172.62,28.77,124.33,6,3
609,6,99.92,16.65,28.17,6,5
2154,6,37.47,6.24,109.17,4,2
757,6,48.36,8.06,40.33,3,3
758,6,150.85,25.14,217.0,3,2
1215,6,25.09,4.18,37.83,4,1
1003,6,39.09,6.52,109.5,5,2
2008,6,19.03,3.17,82.83,5,4
532,6,62.79,10.46,94.17,3,1
417,6,21.46,3.58,63.0,4,3
1997,6,117.37,19.56,35.17,4,4
1585,6,96.26,16.04,96.5,4,3
950,6,77.93,12.99,172.33,4,1
2378,6,76.69,12.78,27.5,2,1
1266,6,103.65,17.28,72.0,6,4
185,6,78.09,13.02,77.67,6,4
275,6,134.64,22.44,30.0,5,1
1705,6,114.33,19.06,169.83,5,2
2090,6,32.91,5.48,42.33,6,4
1136,6,248.26,41.38,483.83,1,1
1068,6,61.17,10.2,59.33,2,1
400,6,177.96,29.66,57.0,3,3
701,6,57.45,9.57,99.5,3,3
1127,6,120.38,20.06,180.0,2,1
1121,6,49.44,8.24,74.33,5,4
2257,6,46.13,7.69,19.67,4,3
1814,6,153.5,25.58,49.17,6,3
1790,6,78.29,13.05,46.33,3,2
1128,6,41.68,6.95,63.33,4,2
1841,6,42.42,7.07,49.33,2,1
753,6,84.3,14.05,248.0,6,4
2011,6,62.11,10.35,176.33,2,2
986,6,84.43,14.07,136.83,2,1
748,6,119.05,19.84,181.5,3,2
586,6,23.01,3.84,78.5,3,2
804,5,32.28,6.46,60.4,2,2
771,5,66.43,13.29,39.6,5,4
488,5,94.16,18.83,27.6,3,2
440,5,89.95,17.99,43.4,4,2
848,5,20.84,4.17,50.6,5,3
1463,5,11.03,2.21,20.8,2,1
1737,5,61.95,12.39,90.8,4,2
2210,5,58.93,11.79,131.4,1,1
211,5,77.49,15.5,125.4,3,2
2458,5,53.9,10.78,90.0,3,1
947,5,92.91,18.58,64.0,5,3
1576,5,107.49,21.5,198.0,1,1
2142,5,96.96,19.39,153.4,3,2
1553,5,64.15,12.83,113.0,2,1
543,5,143.02,28.6,253.2,2,1
540,5,102.84,20.57,24.2,4,3
1613,5,44.37,8.87,176.8,4,3
784,5,63.67,12.73,43.0,5,4
1303,5,14.65,2.93,49.8,2,1
1000,5,70.88,14.18,138.0,1,1
1024,5,152.24,30.45,223.2,3,3
2028,5,33.73,6.75,64.4,3,1
1840,5,35.03,7.01,143.8,1,1
1631,5,64.36,12.87,116.0,3,1
1242,5,96.97,19.39,34.8,5,3
1679,5,87.46,17.49,22.6,5,3
1048,5,95.18,19.04,337.2,3,1
1166,5,45.54,9.11,245.6,3,2
1702,5,64.45,12.89,146.4,3,2
1692,5,31.1,6.22,117.0,3,3
576,5,95.28,19.06,47.0,5,3
1639,5,70.55,14.11,335.6,2,1
1202,5,33.96,6.79,120.8,5,3
564,5,110.6,22.12,65.2,5,3
502,5,12.63,2.53,51.6,3,2
273,5,15.99,3.2,56.0,5,3
1617,5,187.05,37.41,54.2,3,1
1057,5,36.18,7.24,67.4,1,1
584,5,39.32,7.86,56.2,5,3
583,5,103.03,20.61,33.4,2,2
585,5,36.31,7.26,56.2,5,4
2360,5,159.28,31.86,305.8,4,2
982,5,26.21,5.24,47.0,5,5
534,5,45.76,9.15,179.6,4,4
945,5,38.04,7.61,132.0,4,3
2171,5,35.5,7.1,36.4,5,5
2201,5,111.93,22.39,41.8,5,4
920,5,79.37,15.87,42.8,5,3
1338,5,145.79,29.16,257.8,5,5
946,5,66.08,13.22,117.6,3,2
1543,5,153.97,30.79,278.2,3,2
623,5,82.61,16.52,34.4,4,4
1332,5,67.47,13.49,35.4,5,3
797,5,49.65,9.93,122.4,3,3
1964,5,62.25,12.45,31.8,5,3
1949,5,19.22,3.84,49.4,3,3
1959,5,80.25,16.05,25.2,5,3
2437,5,45.19,9.04,81.8,3,3
1890,5,154.58,30.92,513.4,2,1
130,5,100.08,20.02,60.6,4,2
506,5,215.06,43.01,506.4,2,1
901,5,147.84,29.57,48.2,4,3
883,5,15.06,3.01,51.6,5,3
1487,5,51.8,10.36,96.4,2,1
1493,5,24.29,4.86,83.6,4,3
1513,5,33.1,6.62,63.6,1,1
826,5,80.69,16.14,135.0,2,1
491,5,82.05,16.41,147.8,4,2
2419,5,69.1,13.82,33.2,5,3
1921,5,52.49,10.5,82.2,2,1
818,5,42.16,8.43,149.6,4,3
1307,5,50.71,10.14,35.6,5,4
1321,5,35.6,7.12,61.2,3,3
694,5,39.09,7.82,79.6,3,1
1181,5,158.13,31.63,241.2,2,2
1138,5,83.43,16.69,99.6,5,4
1109,5,38.55,7.71,499.8,3,3
1118,5,47.44,9.49,37.4,5,2
696,5,37.5,7.5,73.2,3,1
1801,5,63.1,12.62,22.2,5,4
2299,5,29.05,5.81,42.8,3,1
2366,5,122.44,24.49,44.6,4,3
1189,5,18.19,3.64,60.6,5,4
2055,5,76.9,15.38,144.8,2,1
1087,5,66.67,13.33,86.2,4,3
2069,5,80.28,16.06,144.8,2,1
1647,5,175.15,35.03,212.4,3,3
1966,4,107.75,26.94,43.75,4,3
802,4,36.14,9.04,104.5,4,3
1530,4,131.7,32.92,87.0,4,4
2179,4,30.11,7.53,67.5,4,4
2181,4,42.41,10.6,35.75,4,3
1939,4,49.74,12.43,36.25,3,3
59,4,78.21,19.55,78.25,4,3
2198,4,18.75,4.69,80.0,4,2
903,4,28.67,7.17,130.0,1,1
923,4,88.6,22.15,397.0,1,1
1375,4,46.76,11.69,47.25,2,2
1486,4,67.7,16.92,330.5,2,1
1376,4,93.56,23.39,167.5,4,3
2395,4,23.88,5.97,26.75,2,1
926,4,123.68,30.92,172.75,3,3
889,4,95.71,23.93,112.25,4,3
646,4,72.94,18.24,163.5,3,2
2494,4,16.84,4.21,19.5,2,2
2444,4,60.78,15.2,129.75,2,1
850,4,42.89,10.72,87.75,2,1
1459,4,36.55,9.14,182.25,2,2
2216,4,79.14,19.78,172.5,2,1
2214,4,23.03,5.76,237.0,3,2
2471,4,84.11,21.03,40.75,3,3
1903,4,32.69,8.17,210.75,1,1
1438,4,87.17,21.79,29.75,3,2
1928,4,126.03,31.51,269.25,3,2
1749,4,67.01,16.75,29.5,3,3
2472,4,10.15,2.54,21.75,3,3
2454,4,13.81,3.45,61.75,2,1
1763,4,0.18,0.04,0.0,1,1
1723,4,59.73,14.93,259.25,2,1
1727,4,26.47,6.62,114.25,4,4
1757,4,114.08,28.52,47.75,4,3
387,4,159.08,39.77,349.75,2,1
2386,4,65.99,16.5,178.25,1,1
1414,4,50.44,12.61,47.5,3,3
839,4,59.04,14.76,75.25,3,2
836,4,42.45,10.61,466.75,4,2
842,4,39.65,9.91,180.0,4,3
873,4,95.61,23.9,38.5,3,3
821,4,51.08,12.77,27.25,3,2
2219,4,95.32,23.83,49.25,4,4
1875,4,84.32,21.08,98.0,3,1
858,4,52.23,13.06,121.75,4,2
897,4,113.4,28.35,41.75,4,3
1868,4,51.87,12.97,23.75,4,2
327,4,69.37,17.34,24.5,3,3
328,4,83.6,20.9,189.0,3,1
2319,4,51.99,13.0,65.75,2,1
1492,4,45.07,11.27,32.5,3,3
2453,4,167.09,41.77,354.5,1,1
1979,4,16.34,4.08,67.25,4,3
1974,4,88.03,22.01,47.0,3,3
1335,4,29.15,7.29,66.75,3,2
1980,4,74.76,18.69,331.0,3,2
1566,4,27.16,6.79,70.0,4,1
612,4,91.71,22.93,81.5,4,3
2168,4,34.33,8.58,50.25,3,2
442,4,119.13,29.78,456.5,2,1
2349,4,28.84,7.21,332.25,4,3
360,4,165.46,41.36,354.25,3,2
1951,4,55.25,13.81,54.25,4,3
154,4,73.15,18.29,109.5,4,3
429,4,68.47,17.12,53.25,3,3
1262,4,72.68,18.17,144.75,3,2
746,4,121.52,30.38,259.25,2,1
1019,4,14.85,3.71,61.75,2,2
1287,4,59.17,14.79,28.5,3,1
2250,4,36.99,9.25,82.75,2,1
1298,4,19.97,4.99,159.75,3,3
1268,4,58.53,14.63,130.5,3,1
144,4,9.31,2.33,39.25,4,4
518,4,48.69,12.17,111.0,2,1
1844,4,60.04,15.01,172.5,2,2
1028,4,31.94,7.98,132.0,4,3
2019,4,31.58,7.9,16.0,4,3
1281,4,29.23,7.31,122.25,3,3
1996,4,78.8,19.7,174.25,2,1
2248,4,25.99,6.5,56.5,2,1
2144,4,60.21,15.05,135.75,3,3
538,4,52.04,13.01,119.0,1,1
2382,4,149.37,37.34,328.5,4,2
269,4,16.76,4.19,73.0,3,3
1008,4,125.0,31.25,44.25,4,4
2025,4,23.53,5.88,28.25,1,1
1025,4,45.29,11.32,109.25,2,2
1633,4,36.38,9.1,80.75,3,2
1636,4,51.28,12.82,26.5,4,3
2051,4,76.64,19.16,143.25,4,1
1816,4,65.52,16.38,145.75,3,1
2037,4,24.39,6.1,56.75,2,1
1214,4,81.23,20.31,125.75,3,3
2042,4,49.18,12.29,67.5,2,1
1201,4,72.81,18.2,29.0,4,4
1686,4,178.4,44.6,550.75,2,2
2365,4,18.14,4.54,24.75,3,3
2369,4,23.3,5.82,49.75,2,2
2296,4,47.06,11.76,160.5,1,1
163,4,57.06,14.26,229.0,1,1
1073,4,18.46,4.62,41.75,3,2
1046,4,48.43,12.11,211.5,4,3
1042,4,170.69,42.67,65.0,3,1
2034,4,28.82,7.2,70.5,1,1
1173,4,31.68,7.92,15.0,3,3
1172,4,54.21,13.55,133.5,3,2
686,4,239.05,59.76,525.75,1,1
1776,4,129.08,32.27,170.25,4,2
1774,4,114.55,28.64,51.5,3,2
2074,4,46.3,11.58,105.0,2,1
2119,4,94.43,23.61,27.75,4,3
2116,4,31.63,7.91,29.0,2,1
342,4,21.79,5.45,92.25,4,2
372,4,37.0,9.25,157.25,2,1
2086,4,39.8,9.95,100.5,1,1
2457,3,32.43,10.81,190.0,3,2
341,3,40.5,13.5,138.67,2,2
1735,3,145.82,48.61,38.67,2,1
1756,3,23.89,7.96,75.33,3,3
2455,3,77.08,25.69,65.67,1,1
2100,3,47.95,15.98,161.67,3,2
2121,3,7.81,2.6,28.0,2,1
2101,3,100.18,33.39,290.0,1,1
2284,3,12.1,4.03,171.33,2,1
392,3,57.78,19.26,172.67,2,1
682,3,45.8,15.27,161.67,2,1
2274,3,22.7,7.57,17.67,1,1
1683,3,32.29,10.76,94.33,3,1
1687,3,72.91,24.3,40.33,2,2
1803,3,40.87,13.62,31.33,2,1
1789,3,40.4,13.47,40.33,3,2
705,3,2.4,0.8,13.67,1,1
707,3,28.7,9.57,96.33,3,1
711,3,56.34,18.78,45.67,2,2
726,3,55.88,18.63,294.0,3,3
1660,3,44.94,14.98,138.0,1,1
1665,3,33.58,11.19,96.67,2,2
1141,3,11.27,3.76,19.33,3,3
1145,3,26.7,8.9,144.0,3,1
1146,3,129.15,43.05,283.67,3,2
1119,3,77.37,25.79,37.67,3,3
1120,3,25.63,8.54,78.67,1,1
2071,3,69.87,23.29,210.0,2,2
2093,3,93.45,31.15,298.33,2,1
2270,3,40.6,13.53,125.67,2,1
739,3,29.78,9.93,105.33,2,1
2285,3,56.34,18.78,260.67,2,2
1604,3,11.27,3.76,63.0,2,2
1651,3,21.33,7.11,46.33,3,2
1817,3,66.38,22.13,32.67,2,2
1822,3,26.36,8.79,81.33,2,1
1825,3,51.07,17.02,40.0,3,2
1828,3,24.72,8.24,73.67,2,1
1830,3,7.9,2.63,45.33,2,2
1842,3,59.21,19.74,166.67,3,3
1832,3,9.48,3.16,27.67,2,2
1152,3,7.29,2.43,42.0,2,2
1155,3,9.43,3.14,57.0,2,1
2083,3,104.7,34.9,303.0,2,2
1167,3,65.87,21.96,139.0,3,3
741,3,73.43,24.48,225.33,1,1
747,3,56.88,18.96,174.0,2,2
723,3,53.78,17.93,43.0,2,2
1589,3,49.67,16.56,199.67,3,1
1601,3,61.59,20.53,271.0,2,1
1609,3,49.83,16.61,151.0,2,1
1610,3,26.96,8.99,95.0,2,1
1616,3,30.68,10.23,18.0,3,3
408,3,134.27,44.76,39.67,2,1
1584,3,6.27,2.09,38.33,2,1
1176,3,82.65,27.55,329.33,3,2
2057,3,59.29,19.76,173.33,2,1
2052,3,52.3,17.43,151.67,2,1
1558,3,85.0,28.33,255.0,1,1
1843,3,28.31,9.44,60.0,1,1
1850,3,13.65,4.55,40.33,1,1
778,3,64.91,21.64,203.33,3,1
790,3,22.38,7.46,128.33,3,3
1545,3,55.8,18.6,30.0,3,1
1546,3,77.37,25.79,227.33,2,1
1572,3,48.36,16.12,271.0,2,1
446,3,61.0,20.33,43.67,3,3
1579,3,11.55,3.85,35.0,3,2
1857,3,80.43,26.81,236.33,1,1
1863,3,21.86,7.29,15.0,3,3
596,3,17.81,5.94,103.0,2,2
565,3,10.94,3.65,54.0,3,2
308,3,31.75,10.58,93.33,1,1
311,3,17.04,5.68,93.0,3,3
25,3,23.32,7.77,25.67,3,2
1076,3,79.47,26.49,40.67,2,1
1043,3,31.11,10.37,110.0,2,2
1562,3,76.83,25.61,256.33,2,1
1565,3,58.7,19.57,198.0,1,1
1539,3,44.37,14.79,23.67,2,2
755,3,29.82,9.94,90.67,2,1
2237,3,88.27,29.42,250.0,1,1
2239,3,52.88,17.63,25.67,2,1
2381,3,26.5,8.83,76.0,1,1
2038,3,36.66,12.22,135.33,1,1
1193,3,32.09,10.7,97.67,1,1
1197,3,40.95,13.65,153.33,3,3
1207,3,50.68,16.89,161.67,2,1
1039,3,16.79,5.6,316.0,2,2
1004,3,35.95,11.98,106.33,2,2
1055,3,13.49,4.5,40.0,2,2
556,3,145.59,48.53,579.33,3,2
1551,3,46.69,15.56,146.33,2,2
1852,3,105.05,35.02,285.67,2,1
813,3,43.08,14.36,42.67,3,3
2310,3,34.2,11.4,216.33,1,1
2311,3,1.6,0.53,4.0,1,1
2312,3,54.15,18.05,160.0,1,1
299,3,39.39,13.13,80.33,3,2
306,3,35.54,11.85,111.33,2,2
78,3,53.28,17.76,33.33,3,3
1244,3,88.47,29.49,274.67,2,1
1246,3,15.91,5.3,82.0,3,2
2127,3,59.67,19.89,30.0,2,2
2439,3,78.6,26.2,282.0,2,2
382,3,89.85,29.95,194.67,3,3
2407,3,16.82,5.61,96.33,2,2
1527,3,26.16,8.72,76.33,3,3
1508,3,37.41,12.47,130.33,2,2
1498,3,25.24,8.41,79.0,3,3
39,3,25.38,8.46,270.0,3,3
1511,3,53.02,17.67,163.67,2,1
1515,3,20.29,6.76,21.33,3,3
1872,3,9.84,3.28,57.67,3,3
1873,3,26.95,8.98,83.33,2,1
1866,3,68.7,22.9,30.0,3,3
2423,3,37.96,12.65,237.0,1,1
1889,3,31.14,10.38,90.0,3,2
1027,3,9.88,3.29,55.67,2,1
1032,3,2.66,0.89,24.67,2,1
1059,3,48.84,16.28,24.0,3,3
1898,3,45.82,15.27,139.33,2,1
1488,3,38.72,12.91,47.33,3,3
296,3,72.2,24.07,33.0,3,1
816,3,89.7,29.9,306.0,2,2
2226,3,56.8,18.93,163.33,3,2
2228,3,78.89,26.3,251.0,2,1
1452,3,40.34,13.45,100.0,3,3
1456,3,68.11,22.7,208.67,1,1
1470,3,36.56,12.19,107.0,2,2
1473,3,20.38,6.79,67.67,3,2
1437,3,51.86,17.29,244.67,1,1
1485,3,73.9,24.63,33.67,2,2
2330,3,26.09,8.7,85.33,3,3
2334,3,36.03,12.01,67.0,2,1
546,3,54.45,18.15,55.33,3,3
2138,3,56.44,18.81,185.0,2,1
1012,3,46.09,15.36,140.33,3,1
1014,3,26.35,8.78,151.0,3,3
1018,3,53.22,17.74,27.33,2,2
1253,3,25.46,8.49,96.0,2,1
2346,3,55.7,18.57,176.67,2,1
1444,3,50.06,16.69,46.33,3,3
1902,3,33.28,11.09,113.67,2,1
1906,3,73.32,24.44,47.67,2,1
830,3,34.74,11.58,192.67,1,1
846,3,61.0,20.33,189.67,2,2
1424,3,41.4,13.8,116.67,3,3
1991,3,71.7,23.9,38.0,3,3
2002,3,39.9,13.3,111.33,2,1
2003,3,15.14,5.05,43.33,2,1
1922,3,37.3,12.43,16.33,1,1
2409,3,43.36,14.45,136.67,1,1
462,3,133.33,44.44,46.67,2,1
438,3,19.95,6.65,83.33,2,2
891,3,32.9,10.97,189.0,1,1
899,3,57.71,19.24,69.0,2,2
480,3,46.58,15.53,137.33,2,1
637,3,56.94,18.98,32.67,3,3
916,3,24.87,8.29,89.0,3,3
1396,3,82.19,27.4,226.67,3,2
2402,3,27.88,9.29,543.0,2,1
504,3,92.94,30.98,495.0,2,2
1941,3,6.94,2.31,8.0,2,1
519,3,32.11,10.7,130.0,1,1
522,3,62.51,20.84,107.0,2,2
1299,3,51.05,17.02,159.67,2,1
1278,3,74.86,24.95,32.67,3,3
1279,3,47.61,15.87,139.0,2,1
1942,3,66.83,22.28,43.0,2,1
1943,3,48.35,16.12,402.33,3,3
1391,3,56.41,18.8,164.0,3,1
2196,3,32.29,10.76,199.33,2,1
914,3,11.77,3.92,35.67,3,3
1371,3,42.28,14.09,132.67,2,1
1337,3,137.16,45.72,397.0,2,1
1341,3,45.28,15.09,31.0,3,1
924,3,61.84,20.61,257.67,2,1
936,3,22.9,7.63,116.0,2,2
2180,3,84.92,28.31,631.0,2,1
607,3,18.68,6.23,104.33,1,1
608,3,54.01,18.0,20.33,3,2
1312,3,53.31,17.77,31.0,2,2
1284,3,77.98,25.99,40.67,3,3
1322,3,50.63,16.88,171.67,3,1
1325,3,40.1,13.37,117.33,2,1
1971,3,61.68,20.56,55.0,3,3
1342,3,61.35,20.45,59.67,3,3
991,3,32.98,10.99,21.0,3,3
998,3,32.09,10.7,36.67,2,2
610,3,26.13,8.71,83.33,2,1
614,3,47.11,15.7,47.33,3,2
1962,3,75.8,25.27,230.0,1,1
364,3,86.2,28.73,293.33,2,1
1358,3,34.21,11.4,21.67,3,2
959,3,58.08,19.36,86.67,3,3
2161,3,66.41,22.14,799.33,1,1
2165,3,40.38,13.46,120.33,1,1
2170,3,26.6,8.87,76.0,2,1
969,3,44.8,14.93,135.67,1,1
954,3,49.71,16.57,44.0,3,3
1301,3,26.92,8.97,50.33,2,2
1306,3,24.89,8.3,77.67,3,2
226,3,56.14,18.71,167.0,2,1
2451,3,20.43,6.81,64.67,2,1
670,3,69.43,23.14,71.0,3,3
1707,3,135.6,45.2,405.33,3,1
1778,3,16.4,5.47,51.0,1,1
2493,3,111.51,37.17,319.0,2,2
2475,3,83.7,27.9,277.0,2,1
2474,3,55.49,18.5,41.33,1,1
1746,2,42.97,21.48,70.5,2,2
2099,2,46.24,23.12,30.0,1,1
2103,2,15.61,7.8,76.0,2,1
2105,2,37.17,18.58,42.5,2,2
2108,2,7.74,3.87,35.5,2,1
1097,2,27.0,13.5,117.5,1,1
1098,2,15.65,7.82,86.5,2,2
1100,2,32.7,16.35,140.0,1,1
1104,2,31.95,15.98,159.5,2,1
1105,2,70.31,35.16,310.5,1,1
2280,2,24.63,12.32,37.0,2,1
2273,2,37.03,18.52,178.0,2,1
1791,2,48.13,24.06,40.0,1,1
1794,2,60.68,30.34,43.0,2,2
1795,2,26.92,13.46,31.0,2,1
1695,2,22.36,11.18,104.5,2,2
166,2,88.11,44.06,994.0,1,1
965,2,3.43,1.72,16.0,1,1
2156,2,9.34,4.67,41.0,2,1
2162,2,59.0,29.5,291.5,1,1
2164,2,38.34,19.17,180.0,1,1
2167,2,17.46,8.73,76.5,2,1
2152,2,12.0,6.0,87.5,1,1
966,2,14.46,7.23,127.5,2,2
968,2,18.84,9.42,171.0,2,1
1309,2,55.39,27.7,253.5,2,1
2463,2,27.39,13.7,29.5,2,1
1773,2,8.85,4.42,15.5,1,1
2491,2,22.22,11.11,31.5,1,1
2445,2,30.6,15.3,240.0,1,1
384,2,62.39,31.2,364.5,2,2
1734,2,29.98,14.99,22.0,2,2
232,2,23.26,11.63,28.5,1,1
1968,2,43.41,21.7,56.5,2,2
1317,2,47.08,23.54,207.5,1,1
1344,2,52.85,26.42,230.0,1,1
1345,2,35.72,17.86,156.5,1,1
1346,2,41.15,20.58,185.0,2,1
997,2,61.61,30.8,59.5,2,2
2355,2,40.6,20.3,282.5,1,1
2357,2,22.09,11.04,22.0,2,1
2323,2,24.43,12.22,469.0,2,1
1953,2,11.75,5.88,102.0,1,1
1958,2,28.48,14.24,34.0,2,1
1948,2,36.55,18.27,41.5,2,1
358,2,46.88,23.44,206.5,1,1
361,2,41.87,20.94,198.0,1,1
1950,2,6.03,3.02,55.0,2,2
964,2,42.11,21.06,32.5,1,1
2187,2,10.25,5.12,45.0,1,1
906,2,55.78,27.89,265.0,2,1
908,2,11.51,5.76,131.5,1,1
1359,2,11.43,5.72,51.5,1,1
1366,2,31.48,15.74,151.0,2,1
1369,2,65.29,32.65,50.5,2,2
1382,2,10.22,5.11,45.0,1,1
1384,2,38.12,19.06,87.0,2,2
1385,2,23.25,11.62,102.0,1,1
925,2,93.06,46.53,435.0,2,1
939,2,24.55,12.28,106.5,1,1
942,2,13.65,6.82,114.5,1,1
2185,2,1.3,0.65,5.5,1,1
955,2,64.3,32.15,429.0,1,1
1314,2,58.63,29.32,149.0,2,2
1315,2,44.61,22.3,195.0,1,1
1002,2,30.57,15.28,25.0,2,2
2137,2,29.85,14.92,40.5,2,2
1290,2,62.96,31.48,29.0,2,2
1269,2,10.4,5.2,52.0,2,2
1270,2,87.12,43.56,406.0,2,2
1271,2,62.47,31.24,51.5,2,2
1272,2,45.41,22.7,28.0,2,2
1275,2,5.22,2.61,42.5,2,2
526,2,75.83,37.92,342.5,2,1
1981,2,32.17,16.08,166.0,2,1
1021,2,19.21,9.6,23.5,2,2
1388,2,20.13,10.06,78.0,2,2
1393,2,16.93,8.46,144.5,1,1
1394,2,17.02,8.51,86.5,2,2
1372,2,35.5,17.75,51.0,2,2
902,2,10.85,5.42,65.5,2,1
866,2,81.8,40.9,374.0,2,1
840,2,66.22,33.11,300.0,1,1
915,2,59.64,29.82,43.0,2,2
1377,2,80.01,40.01,365.0,2,1
1931,2,50.6,25.3,220.0,1,1
1395,2,25.43,12.72,20.5,1,1
1397,2,21.62,10.81,411.5,2,1
2391,2,4.2,2.1,19.0,2,1
2392,2,20.43,10.22,90.0,1,1
2399,2,57.48,28.74,261.5,2,1
2401,2,20.55,10.28,90.0,1,1
874,2,56.05,28.02,245.0,2,2
884,2,13.68,6.84,110.5,2,2
854,2,28.7,14.35,125.0,1,1
48,2,48.72,24.36,37.5,1,1
1938,2,49.93,24.96,40.5,2,1
2408,2,38.53,19.26,180.0,1,1
2209,2,67.98,33.99,310.5,1,1
2212,2,42.67,21.34,188.0,1,1
2215,2,63.67,31.84,309.0,1,1
630,2,53.7,26.85,245.0,1,1
2327,2,27.32,13.66,120.0,1,1
894,2,64.56,32.28,51.0,2,2
895,2,57.58,28.79,278.5,2,2
898,2,18.6,9.3,81.5,1,1
485,2,13.42,6.71,9.0,2,1
495,2,38.3,19.15,170.0,2,1
234,2,61.83,30.92,263.5,2,1
1408,2,56.59,28.3,269.5,2,1
641,2,49.88,24.94,32.0,2,1
861,2,44.56,22.28,35.5,2,2
865,2,59.03,29.52,270.0,1,1
1989,2,31.83,15.92,146.0,2,1
1994,2,36.16,18.08,40.0,2,1
1286,2,48.59,24.3,34.5,1,1
1289,2,45.59,22.8,196.0,1,1
971,2,71.53,35.76,317.5,1,1
973,2,10.44,5.22,45.5,1,1
974,2,33.84,16.92,225.5,2,1
979,2,63.8,31.9,289.0,2,1
980,2,20.79,10.4,94.0,1,1
948,2,52.11,26.06,119.0,2,1
1036,2,76.13,38.06,360.0,2,1
2012,2,33.55,16.78,25.5,2,2
2013,2,35.39,17.7,156.0,2,2
1425,2,47.5,23.75,43.0,2,2
1426,2,66.96,33.48,50.5,2,2
1431,2,0.64,0.32,3.0,1,1
2140,2,51.9,25.95,60.0,1,1
2143,2,38.7,19.35,170.5,2,1
2147,2,12.27,6.14,53.5,1,1
1013,2,35.8,17.9,211.5,2,2
1015,2,33.7,16.85,150.5,1,1
1249,2,5.22,2.61,3.0,1,1
1260,2,56.15,28.08,198.5,2,2
2348,2,20.29,10.14,179.5,2,2
1441,2,56.58,28.29,260.0,1,1
1910,2,51.52,25.76,222.5,1,1
1913,2,29.13,14.57,131.0,1,1
2220,2,64.26,32.13,72.5,2,2
832,2,29.7,14.85,59.0,2,1
2208,2,19.6,9.8,90.0,2,2
2204,2,48.31,24.16,88.5,2,2
1422,2,41.24,20.62,31.5,2,1
2229,2,54.55,27.28,64.5,2,2
2230,2,71.37,35.68,830.0,2,1
1900,2,49.15,24.58,225.0,1,1
1455,2,81.0,40.5,50.0,1,1
1458,2,51.91,25.96,236.5,2,1
1465,2,5.34,2.67,26.0,1,1
1466,2,13.42,6.71,112.5,2,2
1468,2,64.7,32.35,69.5,2,2
1432,2,33.0,16.5,150.0,1,1
1483,2,35.67,17.84,160.0,1,1
1884,2,53.24,26.62,53.0,1,1
1885,2,27.56,13.78,119.0,2,2
2336,2,16.29,8.14,32.5,1,1
542,2,31.63,15.82,175.0,2,2
544,2,93.96,46.98,71.5,2,2
2139,2,19.74,9.87,94.0,2,2
2010,2,123.39,61.7,1005.5,1,1
983,2,16.75,8.38,75.0,1,1
987,2,41.86,20.93,102.5,2,2
989,2,43.81,21.9,196.5,1,1
2130,2,63.08,31.54,285.0,1,1
2133,2,24.21,12.1,71.0,2,2
2134,2,6.4,3.2,78.0,1,1
1026,2,11.39,5.7,56.0,2,2
1035,2,33.7,16.85,144.5,1,1
581,2,34.1,17.05,146.5,1,1
590,2,56.71,28.36,257.5,2,1
1491,2,13.69,6.85,56.5,2,2
2317,2,15.8,7.9,30.0,1,1
659,2,30.01,15.0,127.0,2,1
314,2,12.68,6.34,105.0,2,2
316,2,9.6,4.8,79.0,2,1
1503,2,51.9,25.95,615.0,1,1
1504,2,17.92,8.96,15.5,2,2
1507,2,37.17,18.58,155.0,1,1
1509,2,23.95,11.98,13.5,2,1
2234,2,66.88,33.44,303.5,2,1
1501,2,33.71,16.86,25.5,2,2
1510,2,3.5,1.75,31.0,2,1
1512,2,62.05,31.02,283.5,1,1
1517,2,40.64,20.32,55.5,2,2
1870,2,48.26,24.13,29.0,2,2
1879,2,40.4,20.2,300.0,2,1
1880,2,12.57,6.28,154.0,2,2
1887,2,39.64,19.82,182.0,2,1
1888,2,28.73,14.36,196.0,1,1
2004,2,23.23,11.61,34.5,2,2
2007,2,52.89,26.44,72.0,2,2
2430,2,26.2,13.1,41.5,2,2
2431,2,14.31,7.15,67.0,1,1
305,2,63.19,31.6,314.0,2,1
2022,2,47.81,23.9,217.0,2,1
2030,2,27.13,13.56,113.0,2,1
2031,2,9.9,4.95,48.5,1,1
1234,2,46.7,23.35,43.5,2,2
1237,2,26.62,13.31,21.5,2,2
1240,2,14.71,7.36,90.5,1,1
1211,2,29.93,14.96,136.5,2,1
2128,2,22.28,11.14,217.0,1,1
2129,2,1.5,0.75,6.5,1,1
2436,2,9.19,4.6,10.0,1,1
456,2,59.32,29.66,25.5,2,1
2404,2,42.9,21.45,198.0,2,2
1532,2,23.75,11.88,112.0,2,2
1550,2,5.81,2.9,47.5,2,1
2045,2,37.7,18.85,178.5,1,1
2047,2,30.75,15.38,150.5,1,1
2048,2,24.7,12.35,128.0,1,1
1037,2,11.26,5.63,10.5,2,2
1052,2,53.46,26.73,247.5,2,1
2033,2,21.03,10.51,15.0,1,1
561,2,17.31,8.65,148.0,2,1
810,2,17.06,8.53,76.0,2,2
811,2,19.74,9.87,118.0,2,2
815,2,66.52,33.26,293.5,2,1
651,2,24.98,12.49,117.0,2,1
652,2,54.42,27.21,255.5,1,1
655,2,46.73,23.36,209.5,2,1
2313,2,41.57,20.78,206.0,2,1
2429,2,26.59,13.3,29.5,2,2
2377,2,12.8,6.4,0.0,1,1
2379,2,18.53,9.26,24.5,2,2
592,2,24.45,12.23,20.5,1,1
600,2,34.55,17.27,33.0,2,2
566,2,73.98,36.99,321.5,1,1
605,2,10.29,5.14,32.0,2,2
1049,2,34.0,17.0,169.5,1,1
1561,2,28.55,14.28,325.5,1,1
1563,2,45.55,22.78,197.5,1,1
1538,2,19.8,9.9,90.5,1,1
1540,2,28.93,14.46,241.0,2,1
759,2,37.31,18.66,317.0,2,1
760,2,70.33,35.16,40.0,1,1
787,2,13.42,6.71,73.5,1,1
1548,2,35.34,17.67,30.5,2,2
1549,2,57.55,28.78,271.5,1,1
772,2,10.2,5.1,45.5,1,1
773,2,57.36,28.68,253.0,1,1
779,2,33.39,16.7,150.0,1,1
796,2,75.22,37.61,388.5,2,1
800,2,49.53,24.76,222.5,2,1
801,2,39.87,19.94,180.0,2,1
1547,2,36.0,18.0,151.5,1,1
1573,2,15.13,7.56,68.0,1,1
157,2,57.93,28.97,66.0,2,2
451,2,39.97,19.98,184.5,1,1
365,2,47.5,23.75,125.5,2,2
1577,2,39.22,19.61,179.0,2,1
1580,2,15.38,7.69,31.0,2,1
1853,2,26.41,13.2,120.5,1,1
2371,2,41.72,20.86,181.5,1,1
2374,2,38.02,19.01,159.5,2,1
1180,2,21.28,10.64,55.5,2,1
2058,2,17.75,8.88,77.5,1,1
2061,2,7.06,3.53,32.5,1,1
2063,2,61.6,30.8,280.0,1,1
1183,2,31.39,15.7,135.5,2,2
1163,2,43.35,21.68,201.0,2,1
2032,2,32.8,16.4,150.0,1,1
2114,2,73.67,36.84,49.5,2,2
2117,2,6.96,3.48,34.5,1,1
569,2,24.66,12.33,106.5,2,1
1848,2,26.16,13.08,110.0,1,1
2245,2,71.5,35.75,332.5,2,1
2247,2,29.85,14.92,133.5,1,1
2249,2,33.3,16.65,143.5,1,1
2251,2,46.13,23.06,189.5,1,1
2253,2,45.51,22.76,210.0,2,1
767,2,12.39,6.2,107.0,2,2
781,2,74.34,37.17,52.5,2,1
786,2,28.15,14.08,37.0,2,1
1590,2,90.02,45.01,396.5,2,1
1592,2,13.58,6.79,57.5,1,1
1600,2,41.04,20.52,193.5,2,2
1614,2,41.5,20.75,176.0,1,1
404,2,39.88,19.94,175.0,2,1
145,2,48.48,24.24,30.0,2,1
1619,2,36.16,18.08,27.5,1,1
1834,2,34.86,17.43,155.0,1,1
1581,2,44.46,22.23,36.0,1,1
1555,2,50.18,25.09,26.5,1,1
1050,2,2.46,1.23,11.0,1,1
1079,2,68.0,34.0,338.0,2,1
1080,2,24.53,12.26,131.0,2,2
2076,2,34.21,17.1,150.5,1,1
2078,2,7.32,3.66,33.0,2,2
1069,2,50.12,25.06,32.5,1,1
1075,2,18.3,9.15,160.0,1,1
1113,2,6.28,3.14,38.5,2,2
1130,2,18.63,9.32,12.5,2,1
1135,2,49.8,24.9,226.5,2,1
1620,2,12.14,6.07,57.5,1,1
1621,2,49.28,24.64,216.5,1,1
1623,2,34.1,17.05,158.0,1,1
1624,2,20.42,10.21,90.5,2,2
2288,2,17.81,8.9,35.5,2,2
2289,2,37.22,18.61,125.0,1,1
742,2,64.02,32.01,298.0,2,1
743,2,40.36,20.18,175.5,1,1
724,2,26.01,13.0,19.5,2,2
1642,2,50.78,25.39,223.0,1,1
2242,2,55.07,27.54,36.5,1,1
1637,2,40.3,20.15,178.0,1,1
1649,2,27.8,13.9,20.0,2,2
1819,2,28.59,14.29,135.0,2,1
1821,2,5.01,2.5,18.0,2,1
1826,2,22.94,11.47,100.0,1,1
1827,2,63.21,31.6,252.0,2,1
1831,2,21.44,10.72,95.5,2,1
1657,2,26.08,13.04,44.5,2,1
1835,2,29.62,14.81,38.5,2,2
577,2,83.99,42.0,114.5,2,1
555,2,50.01,25.0,860.5,2,1
1160,2,12.42,6.21,54.5,1,1
1162,2,24.47,12.24,21.5,2,2
2073,2,58.45,29.22,156.5,1,1
1117,2,12.14,6.07,103.5,2,2
2070,2,45.38,22.69,217.5,1,1
1149,2,49.61,24.8,217.0,2,1
1088,2,7.81,3.9,37.5,1,1
1089,2,58.76,29.38,269.5,2,1
2092,2,8.44,4.22,7.5,2,1
2097,2,7.13,3.56,35.0,1,1
1671,2,60.3,30.15,36.5,1,1
1674,2,42.96,21.48,34.0,2,2
2269,2,60.77,30.38,0.0,2,1
2254,2,28.82,14.41,134.5,1,1
664,2,52.24,26.12,229.0,1,1
2300,2,43.17,21.58,212.0,1,1
2302,2,34.33,17.16,150.0,1,1
2303,2,85.2,42.6,378.5,2,2
2306,2,17.62,8.81,23.0,2,2
393,2,47.3,23.65,217.5,1,1
394,2,111.73,55.86,92.5,2,1
687,2,0.81,0.4,12.5,1,1
689,2,20.36,10.18,14.0,1,1
695,2,24.13,12.06,209.5,2,1
1643,2,29.46,14.73,223.5,1,1
1807,2,54.73,27.36,57.0,2,2
1809,2,36.69,18.34,171.0,1,1
1810,2,20.58,10.29,90.0,1,1
727,2,47.54,23.77,42.0,1,1
728,2,13.0,6.5,66.0,2,1
731,2,13.26,6.63,116.0,2,2
734,2,20.51,10.26,93.5,2,2
1661,2,6.91,3.46,30.5,1,1
1140,2,36.2,18.1,168.5,2,1
1144,2,36.55,18.27,160.5,1,1
5,2,29.0,14.5,420.0,2,2
2488,2,2.86,1.43,26.0,2,1
2462,2,40.27,20.13,34.0,2,2
335,2,33.35,16.68,147.5,2,1
198,2,14.1,7.05,113.0,2,1
1786,2,36.63,18.31,162.0,2,2
1740,2,10.65,5.32,23.0,2,2
1741,2,28.66,14.33,41.0,2,1
1750,2,32.33,16.16,150.0,1,1
2442,2,43.75,21.88,40.0,1,1
2443,2,7.98,3.99,33.5,1,1
1742,2,32.35,16.18,227.5,1,1
2256,2,49.17,24.58,221.5,1,1
2264,2,22.78,11.39,31.5,2,2
2265,2,65.59,32.8,181.5,2,1
2098,2,50.35,25.18,0.5,1,1
1762,2,33.03,16.52,82.0,2,2
2478,2,23.75,11.88,51.5,2,2
1122,2,48.04,24.02,44.0,2,1
1123,2,29.79,14.9,135.0,1,1
1129,2,68.56,34.28,142.0,2,2
2452,2,13.2,6.6,60.0,1,1
1709,2,39.53,19.76,40.0,1,1
1712,2,19.32,9.66,194.0,2,2
1715,2,15.5,7.75,241.0,1,1
1718,2,4.42,2.21,4.5,2,2
2492,2,53.41,26.7,33.5,2,2
2497,2,38.4,19.2,174.0,2,2
2498,2,30.8,15.4,135.0,1,1
225,2,56.61,28.3,62.0,1,1
2447,2,27.59,13.8,30.5,2,2
2450,2,10.93,5.46,48.0,2,2
2501,1,19.26,19.26,97.0,1,1
2484,1,7.52,7.52,14.0,1,1
2485,1,52.5,52.5,455.0,1,1
2487,1,8.64,8.64,80.0,1,1
2489,1,17.64,17.64,41.0,1,1
2490,1,33.14,33.14,42.0,1,1
2496,1,17.1,17.1,43.0,1,1
290,1,47.36,47.36,419.0,1,1
288,1,45.92,45.92,390.0,1,1
315,1,30.54,30.54,34.0,1,1
332,1,41.96,41.96,377.0,1,1
321,1,1.5,1.5,1.0,1,1
347,1,1.3,1.3,11.0,1,1
338,1,8.55,8.55,75.0,1,1
2438,1,15.39,15.39,24.0,1,1
2435,1,3.9,3.9,34.0,1,1
2434,1,2.14,2.14,19.0,1,1
2433,1,15.16,15.16,26.0,1,1
2428,1,11.61,11.61,108.0,1,1
2427,1,18.42,18.42,41.0,1,1
2426,1,10.43,10.43,26.0,1,1
2425,1,10.8,10.8,27.0,1,1
2424,1,7.7,7.7,85.0,1,1
1785,1,6.44,6.44,60.0,1,1
1783,1,7.75,7.75,67.0,1,1
1782,1,56.36,56.36,582.0,1,1
1780,1,1.62,1.62,70.0,1,1
1779,1,10.93,10.93,203.0,1,1
1725,1,23.4,23.4,356.0,1,1
1722,1,23.0,23.0,208.0,1,1
1721,1,4.4,4.4,37.0,1,1
1719,1,0.6,0.6,5.0,1,1
1716,1,6.0,6.0,51.0,1,1
1775,1,22.7,22.7,200.0,1,1
1770,1,9.43,9.43,24.0,1,1
1767,1,11.39,11.39,14.0,1,1
1738,1,15.64,15.64,19.0,1,1
1733,1,7.3,7.3,62.0,1,1
1732,1,16.87,16.87,0.0,1,1
1685,1,50.52,50.52,472.0,1,1
1684,1,7.19,7.19,0.0,1,1
1681,1,11.06,11.06,1439.0,1,1
1680,1,10.37,10.37,88.0,1,1
1677,1,13.93,13.93,46.0,1,1
1675,1,2.3,2.3,20.0,1,1
1706,1,22.18,22.18,207.0,1,1
1704,1,30.7,30.7,61.0,1,1
1701,1,4.08,4.08,69.0,1,1
1700,1,3.22,3.22,30.0,1,1
1696,1,50.91,50.91,450.0,1,1
1694,1,26.08,26.08,94.0,1,1
1693,1,31.03,31.03,261.0,1,1
1797,1,3.17,3.17,18.0,1,1
1796,1,18.71,18.71,182.0,1,1
1793,1,20.38,20.38,183.0,1,1
1641,1,4.6,4.6,76.0,1,1
1640,1,1.21,1.21,10.0,1,1
1638,1,8.3,8.3,73.0,1,1
1669,1,6.58,6.58,49.0,1,1
1663,1,25.09,25.09,48.0,1,1
1662,1,1.06,1.06,41.0,1,1
1659,1,9.75,9.75,87.0,1,1
1815,1,28.41,28.41,252.0,1,1
1813,1,0.02,0.02,3.0,1,1
1812,1,6.9,6.9,113.0,1,1
1808,1,2.61,2.61,23.0,1,1
1806,1,10.43,10.43,15.0,1,1
1802,1,12.02,12.02,15.0,1,1
1800,1,25.76,25.76,40.0,1,1
1690,1,8.94,8.94,14.0,1,1
1688,1,21.73,21.73,14.0,1,1
1837,1,3.4,3.4,18.0,1,1
1605,1,37.64,37.64,44.0,1,1
1603,1,28.91,28.91,251.0,1,1
1602,1,12.25,12.25,102.0,1,1
1635,1,45.3,45.3,400.0,1,1
1634,1,5.58,5.58,12.0,1,1
1632,1,27.07,27.07,240.0,1,1
1627,1,40.43,40.43,365.0,1,1
1626,1,3.24,3.24,28.0,1,1
1829,1,3.78,3.78,7.0,1,1
1818,1,48.5,48.5,396.0,1,1
1655,1,44.98,44.98,400.0,1,1
1654,1,26.57,26.57,240.0,1,1
1653,1,10.94,10.94,19.0,1,1
1650,1,29.97,29.97,271.0,1,1
1648,1,21.11,21.11,189.0,1,1
1560,1,8.1,8.1,71.0,1,1
1556,1,22.15,22.15,28.0,1,1
1552,1,17.7,17.7,190.0,1,1
1582,1,13.82,13.82,23.0,1,1
1578,1,21.1,21.1,301.0,1,1
1570,1,17.95,17.95,28.0,1,1
1598,1,22.79,22.79,36.0,1,1
1597,1,5.88,5.88,52.0,1,1
1596,1,17.71,17.71,166.0,1,1
1594,1,26.29,26.29,33.0,1,1
1593,1,8.5,8.5,74.0,1,1
1591,1,0.01,0.01,3.0,1,1
1587,1,39.41,39.41,365.0,1,1
1847,1,0.2,0.2,3.0,1,1
1846,1,34.65,34.65,69.0,1,1
1839,1,26.74,26.74,240.0,1,1
1533,1,12.28,12.28,11.0,1,1
1531,1,7.6,7.6,65.0,1,1
1529,1,0.72,0.72,91.0,1,1
1524,1,9.72,9.72,168.0,1,1
1522,1,32.39,32.39,487.0,1,1
1521,1,8.3,8.3,72.0,1,1
1519,1,31.9,31.9,269.0,1,1
1518,1,41.7,41.7,607.0,1,1
1862,1,15.68,15.68,43.0,1,1
1855,1,9.69,9.69,126.0,1,1
1854,1,3.8,3.8,32.0,1,1
1541,1,6.54,6.54,107.0,1,1
1537,1,50.43,50.43,97.0,1,1
1535,1,34.48,34.48,307.0,1,1
1568,1,26.64,26.64,230.0,1,1
1567,1,13.7,13.7,120.0,1,1
1477,1,47.47,47.47,115.0,1,1
1476,1,6.3,6.3,105.0,1,1
1475,1,4.66,4.66,12.0,1,1
1500,1,37.4,37.4,339.0,1,1
1496,1,16.15,16.15,143.0,1,1
1495,1,41.6,41.6,360.0,1,1
1490,1,32.53,32.53,294.0,1,1
1883,1,53.2,53.2,0.0,1,1
1878,1,13.53,13.53,26.0,1,1
1877,1,2.41,2.41,4.0,1,1
1876,1,20.51,20.51,23.0,1,1
1874,1,16.42,16.42,31.0,1,1
1871,1,33.84,33.84,302.0,1,1
1867,1,26.59,26.59,41.0,1,1
1516,1,14.7,14.7,136.0,1,1
1534,1,6.51,6.51,60.0,1,1
1442,1,9.38,9.38,10.0,1,1
1440,1,1.27,1.27,23.0,1,1
1434,1,41.31,41.31,43.0,1,1
1472,1,23.89,23.89,220.0,1,1
1471,1,5.57,5.57,49.0,1,1
1464,1,47.4,47.4,443.0,1,1
1461,1,35.11,35.11,321.0,1,1
1457,1,42.4,42.4,479.0,1,1
1899,1,22.3,22.3,191.0,1,1
1897,1,12.16,12.16,0.0,1,1
1896,1,39.81,39.81,378.0,1,1
1894,1,26.65,26.65,39.0,1,1
1891,1,9.15,9.15,14.0,1,1
1886,1,14.19,14.19,121.0,1,1
1482,1,4.94,4.94,43.0,1,1
1481,1,6.85,6.85,115.0,1,1
1430,1,26.04,26.04,240.0,1,1
1429,1,4.38,4.38,40.0,1,1
1428,1,13.38,13.38,120.0,1,1
1421,1,16.82,16.82,41.0,1,1
1420,1,59.49,59.49,539.0,1,1
1418,1,7.66,7.66,68.0,1,1
1415,1,15.77,15.77,29.0,1,1
1917,1,9.7,9.7,149.0,1,1
1916,1,47.34,47.34,69.0,1,1
1915,1,2.4,2.4,21.0,1,1
1912,1,10.76,10.76,42.0,1,1
1911,1,56.8,56.8,508.0,1,1
1909,1,26.35,26.35,250.0,1,1
1901,1,13.4,13.4,116.0,1,1
1450,1,8.94,8.94,156.0,1,1
1443,1,0.67,0.67,10.0,1,1
1379,1,18.87,18.87,21.0,1,1
1374,1,19.52,19.52,176.0,1,1
1390,1,1.0,1.0,10.0,1,1
1386,1,4.2,4.2,72.0,1,1
1413,1,49.94,49.94,433.0,1,1
1412,1,7.3,7.3,63.0,1,1
1409,1,23.48,23.48,45.0,1,1
1406,1,19.08,19.08,24.0,1,1
1405,1,10.61,10.61,23.0,1,1
1933,1,21.29,21.29,203.0,1,1
1932,1,21.92,21.92,40.0,1,1
1925,1,17.55,17.55,40.0,1,1
1924,1,0.15,0.15,2.0,1,1
1923,1,28.47,28.47,283.0,1,1
1919,1,3.73,3.73,32.0,1,1
1918,1,46.53,46.53,97.0,1,1
1347,1,9.18,9.18,78.0,1,1
1340,1,17.77,17.77,21.0,1,1
1339,1,6.59,6.59,82.0,1,1
1336,1,3.94,3.94,77.0,1,1
1370,1,14.07,14.07,26.0,1,1
1364,1,48.75,48.75,436.0,1,1
1360,1,20.13,20.13,189.0,1,1
1357,1,19.82,19.82,180.0,1,1
1355,1,47.66,47.66,423.0,1,1
1945,1,14.06,14.06,118.0,1,1
1940,1,19.06,19.06,173.0,1,1
1937,1,12.17,12.17,29.0,1,1
1936,1,2.14,2.14,35.0,1,1
1935,1,4.54,4.54,42.0,1,1
1381,1,2.8,2.8,46.0,1,1
1380,1,17.83,17.83,150.0,1,1
1970,1,0.28,0.28,1.0,1,1
1969,1,30.87,30.87,828.0,1,1
1334,1,30.36,30.36,273.0,1,1
1333,1,11.03,11.03,100.0,1,1
1331,1,6.24,6.24,62.0,1,1
1330,1,17.29,17.29,160.0,1,1
1328,1,11.18,11.18,95.0,1,1
1324,1,47.23,47.23,420.0,1,1
1323,1,3.88,3.88,38.0,1,1
1316,1,27.84,27.84,240.0,1,1
1963,1,30.84,30.84,37.0,1,1
1961,1,7.27,7.27,63.0,1,1
1952,1,3.9,3.9,67.0,1,1
1351,1,32.58,32.58,294.0,1,1
1349,1,6.71,6.71,60.0,1,1
1348,1,6.8,6.8,60.0,1,1
1294,1,13.99,13.99,16.0,1,1
1293,1,10.99,10.99,163.0,1,1
1292,1,13.8,13.8,118.0,1,1
1291,1,1.49,1.49,2.0,1,1
1288,1,53.0,53.0,511.0,1,1
1311,1,19.26,19.26,32.0,1,1
1310,1,8.26,8.26,103.0,1,1
1308,1,10.0,10.0,86.0,1,1
1300,1,8.14,8.14,99.0,1,1
1985,1,73.0,73.0,697.0,1,1
1984,1,0.01,0.01,0.0,1,1
1983,1,14.28,14.28,31.0,1,1
1978,1,16.91,16.91,148.0,1,1
1975,1,22.3,22.3,205.0,1,1
1973,1,10.36,10.36,40.0,1,1
1972,1,27.77,27.77,40.0,1,1
1261,1,50.13,50.13,438.0,1,1
1259,1,18.59,18.59,165.0,1,1
1255,1,11.87,11.87,109.0,1,1
1254,1,3.42,3.42,30.0,1,1
1252,1,12.41,12.41,18.0,1,1
1251,1,22.38,22.38,202.0,1,1
1250,1,6.4,6.4,104.0,1,1
2001,1,2.8,2.8,47.0,1,1
1993,1,4.05,4.05,145.0,1,1
1992,1,36.6,36.6,313.0,1,1
1990,1,3.8,3.8,66.0,1,1
1987,1,31.0,31.0,284.0,1,1
1280,1,29.97,29.97,270.0,1,1
1276,1,8.15,8.15,73.0,1,1
1273,1,6.67,6.67,57.0,1,1
1267,1,23.35,23.35,206.0,1,1
2026,1,8.7,8.7,79.0,1,1
2024,1,36.43,36.43,358.0,1,1
1216,1,2.7,2.7,45.0,1,1
1245,1,0.01,0.01,0.0,1,1
1243,1,16.41,16.41,154.0,1,1
1239,1,6.79,6.79,60.0,1,1
1238,1,52.87,52.87,482.0,1,1
1218,1,7.66,7.66,11.0,1,1
2018,1,28.41,28.41,95.0,1,1
2016,1,4.0,4.0,69.0,1,1
2015,1,15.51,15.51,22.0,1,1
2014,1,4.13,4.13,58.0,1,1
2006,1,17.59,17.59,24.0,1,1
2005,1,8.74,8.74,79.0,1,1
1265,1,10.29,10.29,90.0,1,1
1263,1,20.07,20.07,180.0,1,1
2043,1,29.69,29.69,265.0,1,1
2041,1,3.03,3.03,30.0,1,1
2040,1,47.0,47.0,450.0,1,1
1206,1,9.59,9.59,94.0,1,1
1205,1,44.13,44.13,63.0,1,1
1204,1,1.2,1.2,20.0,1,1
1203,1,20.42,20.42,179.0,1,1
1200,1,24.51,24.51,32.0,1,1
1199,1,38.74,38.74,40.0,1,1
1198,1,19.71,19.71,183.0,1,1
1195,1,2.62,2.62,24.0,1,1
1194,1,12.82,12.82,20.0,1,1
2039,1,44.02,44.02,0.0,1,1
2036,1,10.39,10.39,92.0,1,1
2035,1,4.7,4.7,40.0,1,1
2029,1,31.4,31.4,300.0,1,1
2059,1,26.93,26.93,240.0,1,1
2056,1,9.64,9.64,0.0,1,1
1179,1,5.65,5.65,50.0,1,1
1178,1,33.08,33.08,300.0,1,1
1174,1,3.1,3.1,53.0,1,1
1171,1,25.75,25.75,43.0,1,1
1191,1,0.72,0.72,2.0,1,1
1187,1,14.0,14.0,37.0,1,1
1186,1,6.85,6.85,60.0,1,1
1182,1,3.55,3.55,59.0,1,1
2054,1,39.27,39.27,358.0,1,1
2053,1,13.27,13.27,120.0,1,1
2050,1,61.87,61.87,540.0,1,1
2049,1,6.9,6.9,70.0,1,1
2046,1,15.14,15.14,150.0,1,1
2044,1,24.1,24.1,240.0,1,1
2075,1,17.28,17.28,150.0,1,1
1159,1,45.51,45.51,472.0,1,1
1158,1,22.33,22.33,35.0,1,1
1157,1,33.92,33.92,43.0,1,1
1156,1,10.41,10.41,91.0,1,1
1151,1,25.14,25.14,36.0,1,1
1150,1,32.91,32.91,437.0,1,1
1148,1,22.3,22.3,200.0,1,1
1147,1,36.09,36.09,45.0,1,1
2072,1,46.2,46.2,400.0,1,1
2068,1,19.13,19.13,171.0,1,1
2067,1,60.15,60.15,540.0,1,1
2066,1,10.05,10.05,89.0,1,1
2065,1,34.28,34.28,300.0,1,1
2062,1,26.73,26.73,241.0,1,1
2060,1,42.31,42.31,398.0,1,1
1116,1,29.38,29.38,270.0,1,1
1115,1,8.5,8.5,81.0,1,1
1114,1,29.66,29.66,44.0,1,1
1142,1,2.46,2.46,42.0,1,1
1139,1,39.97,39.97,360.0,1,1
1134,1,31.07,31.07,60.0,1,1
1133,1,42.58,42.58,382.0,1,1
1132,1,9.35,9.35,90.0,1,1
1131,1,59.82,59.82,540.0,1,1
2089,1,25.56,25.56,241.0,1,1
2088,1,6.45,6.45,60.0,1,1
2087,1,20.77,20.77,870.0,1,1
2084,1,11.14,11.14,36.0,1,1
2082,1,28.01,28.01,238.0,1,1
2080,1,50.98,50.98,95.0,1,1
2079,1,3.1,3.1,54.0,1,1
1092,1,24.7,24.7,43.0,1,1
1086,1,11.35,11.35,97.0,1,1
1084,1,12.78,12.78,116.0,1,1
1083,1,18.84,18.84,64.0,1,1
1082,1,19.16,19.16,40.0,1,1
1077,1,1.36,1.36,23.0,1,1
1112,1,16.53,16.53,159.0,1,1
1108,1,6.8,6.8,58.0,1,1
1106,1,6.4,6.4,58.0,1,1
1103,1,1.0,1.0,9.0,1,1
1102,1,21.77,21.77,194.0,1,1
1099,1,37.15,37.15,479.0,1,1
2107,1,18.4,18.4,40.0,1,1
2106,1,4.6,4.6,38.0,1,1
2102,1,16.8,16.8,147.0,1,1
2094,1,50.64,50.64,53.0,1,1
1074,1,45.8,45.8,416.0,1,1
1072,1,19.64,19.64,40.0,1,1
1070,1,56.46,56.46,44.0,1,1
1067,1,9.8,9.8,88.0,1,1
1066,1,0.47,0.47,4.0,1,1
1065,1,0.69,0.69,1.0,1,1
1062,1,27.34,27.34,40.0,1,1
1061,1,17.1,17.1,148.0,1,1
2123,1,33.58,33.58,300.0,1,1
2122,1,38.19,38.19,38.0,1,1
2120,1,6.96,6.96,61.0,1,1
2118,1,2.66,2.66,43.0,1,1
2115,1,14.93,14.93,43.0,1,1
2111,1,11.0,11.0,16.0,1,1
2110,1,11.1,11.1,101.0,1,1
1094,1,5.2,5.2,52.0,1,1
995,1,38.0,38.0,325.0,1,1
990,1,29.28,29.28,247.0,1,1
1010,1,37.21,37.21,326.0,1,1
1041,1,10.59,10.59,21.0,1,1
1040,1,38.2,38.2,55.0,1,1
1038,1,18.5,18.5,24.0,1,1
1034,1,69.71,69.71,606.0,1,1
1033,1,9.59,9.59,87.0,1,1
1031,1,1.3,1.3,11.0,1,1
1029,1,7.1,7.1,64.0,1,1
2135,1,2.2,2.2,35.0,1,1
2131,1,36.96,36.96,341.0,1,1
1058,1,10.4,10.4,89.0,1,1
1054,1,35.47,35.47,300.0,1,1
1053,1,5.99,5.99,60.0,1,1
1044,1,14.89,14.89,131.0,1,1
958,1,9.03,9.03,170.0,1,1
956,1,13.35,13.35,120.0,1,1
953,1,10.6,10.6,93.0,1,1
949,1,4.42,4.42,9.0,1,1
981,1,4.22,4.22,9.0,1,1
978,1,49.57,49.57,433.0,1,1
977,1,5.66,5.66,60.0,1,1
970,1,5.6,5.6,50.0,1,1
967,1,2.13,2.13,38.0,1,1
2150,1,3.62,3.62,63.0,1,1
2149,1,33.25,33.25,292.0,1,1
2148,1,4.43,4.43,38.0,1,1
2146,1,6.79,6.79,60.0,1,1
2141,1,10.58,10.58,25.0,1,1
999,1,7.81,7.81,132.0,1,1
996,1,17.14,17.14,146.0,1,1
943,1,15.04,15.04,24.0,1,1
937,1,5.0,5.0,46.0,1,1
935,1,35.68,35.68,38.0,1,1
934,1,12.72,12.72,43.0,1,1
933,1,3.55,3.55,58.0,1,1
930,1,5.3,5.3,271.0,1,1
928,1,7.34,7.34,65.0,1,1
2169,1,33.63,33.63,344.0,1,1
2166,1,10.96,10.96,93.0,1,1
2163,1,11.21,11.21,96.0,1,1
2159,1,5.95,5.95,51.0,1,1
2158,1,33.79,33.79,300.0,1,1
2157,1,3.06,3.06,28.0,1,1
2155,1,0.5,0.5,4.0,1,1
963,1,4.5,4.5,38.0,1,1
961,1,22.86,22.86,212.0,1,1
2192,1,2.72,2.72,14.0,1,1
2191,1,63.76,63.76,540.0,1,1
2190,1,6.72,6.72,60.0,1,1
896,1,34.56,34.56,44.0,1,1
893,1,21.79,21.79,374.0,1,1
919,1,10.37,10.37,94.0,1,1
918,1,7.52,7.52,73.0,1,1
911,1,37.47,37.47,352.0,1,1
2189,1,49.36,49.36,465.0,1,1
2188,1,25.63,25.63,258.0,1,1
2183,1,21.46,21.46,41.0,1,1
2182,1,19.43,19.43,40.0,1,1
2177,1,10.83,10.83,25.0,1,1
2176,1,43.25,43.25,0.0,1,1
2175,1,39.42,39.42,40.0,1,1
2172,1,8.28,8.28,143.0,1,1
859,1,0.5,0.5,5.0,1,1
857,1,6.3,6.3,55.0,1,1
885,1,40.96,40.96,374.0,1,1
879,1,3.55,3.55,9.0,1,1
878,1,7.2,7.2,117.0,1,1
876,1,3.38,3.38,60.0,1,1
875,1,11.96,11.96,20.0,1,1
872,1,28.52,28.52,273.0,1,1
871,1,20.27,20.27,27.0,1,1
2206,1,3.37,3.37,30.0,1,1
2205,1,3.73,3.73,34.0,1,1
2203,1,3.39,3.39,30.0,1,1
2202,1,67.73,67.73,110.0,1,1
2199,1,9.7,9.7,83.0,1,1
2197,1,13.07,13.07,26.0,1,1
2195,1,26.59,26.59,234.0,1,1
817,1,27.06,27.06,258.0,1,1
814,1,59.96,59.96,540.0,1,1
809,1,3.5,3.5,32.0,1,1
111,1,15.59,15.59,29.0,1,1
833,1,20.49,20.49,33.0,1,1
828,1,8.95,8.95,15.0,1,1
825,1,3.33,3.33,56.0,1,1
823,1,21.04,21.04,175.0,1,1
819,1,49.11,49.11,67.0,1,1
2223,1,2.05,2.05,18.0,1,1
2222,1,34.2,34.2,304.0,1,1
2221,1,29.93,29.93,0.0,1,1
2213,1,15.41,15.41,130.0,1,1
2211,1,40.28,40.28,382.0,1,1
853,1,61.66,61.66,540.0,1,1
870,1,34.43,34.43,41.0,1,1
756,1,7.36,7.36,125.0,1,1
783,1,3.13,3.13,30.0,1,1
780,1,19.6,19.6,33.0,1,1
777,1,27.69,27.69,262.0,1,1
776,1,36.45,36.45,324.0,1,1
775,1,20.1,20.1,179.0,1,1
805,1,0.1,0.1,1.0,1,1
795,1,35.53,35.53,311.0,1,1
793,1,24.5,24.5,650.0,1,1
789,1,7.06,7.06,9.0,1,1
2238,1,60.42,60.42,550.0,1,1
2236,1,4.11,4.11,0.0,1,1
2233,1,6.2,6.2,53.0,1,1
2232,1,6.73,6.73,60.0,1,1
2231,1,12.98,12.98,129.0,1,1
2224,1,9.58,9.58,84.0,1,1
730,1,2.12,2.12,39.0,1,1
729,1,16.62,16.62,150.0,1,1
722,1,23.35,23.35,215.0,1,1
721,1,6.81,6.81,165.0,1,1
750,1,9.19,9.19,88.0,1,1
745,1,61.67,61.67,540.0,1,1
744,1,9.27,9.27,20.0,1,1
737,1,8.44,8.44,135.0,1,1
2255,1,2.73,2.73,0.0,1,1
2252,1,47.76,47.76,437.0,1,1
2246,1,46.37,46.37,388.0,1,1
2243,1,10.22,10.22,25.0,1,1
2240,1,32.22,32.22,54.0,1,1
770,1,3.75,3.75,40.0,1,1
763,1,7.7,7.7,69.0,1,1
761,1,16.37,16.37,148.0,1,1
2279,1,17.05,17.05,150.0,1,1
2277,1,13.38,13.38,25.0,1,1
2275,1,18.61,18.61,172.0,1,1
692,1,9.97,9.97,170.0,1,1
691,1,39.99,39.99,416.0,1,1
685,1,3.58,3.58,91.0,1,1
710,1,0.07,0.07,1.0,1,1
709,1,24.52,24.52,40.0,1,1
2272,1,3.42,3.42,30.0,1,1
2271,1,12.69,12.69,23.0,1,1
2267,1,9.4,9.4,83.0,1,1
2263,1,9.8,9.8,87.0,1,1
2260,1,12.73,12.73,120.0,1,1
2259,1,15.59,15.59,146.0,1,1
2258,1,9.61,9.61,90.0,1,1
733,1,1.5,1.5,25.0,1,1
660,1,7.23,7.23,64.0,1,1
126,1,2.8,2.8,40.0,1,1
680,1,7.42,7.42,144.0,1,1
679,1,18.01,18.01,35.0,1,1
678,1,46.83,46.83,433.0,1,1
677,1,35.19,35.19,322.0,1,1
675,1,45.12,45.12,422.0,1,1
674,1,12.58,12.58,20.0,1,1
673,1,4.71,4.71,43.0,1,1
672,1,40.05,40.05,362.0,1,1
669,1,29.9,29.9,40.0,1,1
2290,1,19.2,19.2,199.0,1,1
2286,1,4.94,4.94,85.0,1,1
2283,1,11.57,11.57,157.0,1,1
2282,1,9.35,9.35,14.0,1,1
2281,1,18.2,18.2,159.0,1,1
2314,1,38.18,38.18,360.0,1,1
656,1,20.72,20.72,57.0,1,1
653,1,21.74,21.74,182.0,1,1
647,1,26.28,26.28,41.0,1,1
644,1,43.53,43.53,389.0,1,1
639,1,12.4,12.4,22.0,1,1
638,1,57.63,57.63,28.0,1,1
2309,1,13.22,13.22,120.0,1,1
2308,1,3.44,3.44,30.0,1,1
2304,1,0.01,0.01,0.0,1,1
2301,1,34.22,34.22,352.0,1,1
2297,1,23.51,23.51,286.0,1,1
2295,1,12.48,12.48,108.0,1,1
2293,1,30.46,30.46,280.0,1,1
665,1,19.69,19.69,180.0,1,1
661,1,12.44,12.44,212.0,1,1
635,1,29.39,29.39,40.0,1,1
632,1,29.97,29.97,455.0,1,1
629,1,32.8,32.8,617.0,1,1
626,1,8.23,8.23,136.0,1,1
625,1,1.97,1.97,17.0,1,1
624,1,3.48,3.48,37.0,1,1
622,1,7.22,7.22,90.0,1,1
620,1,19.68,19.68,175.0,1,1
2326,1,14.8,14.8,24.0,1,1
2325,1,1.62,1.62,41.0,1,1
2324,1,34.87,34.87,318.0,1,1
2322,1,11.0,11.0,120.0,1,1
2321,1,5.38,5.38,50.0,1,1
2320,1,33.92,33.92,53.0,1,1
2318,1,16.16,16.16,37.0,1,1
2315,1,3.48,3.48,59.0,1,1
2351,1,25.17,25.17,37.0,1,1
2350,1,11.4,11.4,109.0,1,1
618,1,58.29,58.29,497.0,1,1
616,1,31.63,31.63,22.0,1,1
613,1,9.3,9.3,82.0,1,1
604,1,21.13,21.13,197.0,1,1
602,1,60.02,60.02,559.0,1,1
2344,1,31.7,31.7,44.0,1,1
2343,1,15.9,15.9,22.0,1,1
2341,1,19.05,19.05,40.0,1,1
2339,1,26.79,26.79,240.0,1,1
2338,1,17.75,17.75,41.0,1,1
2337,1,8.23,8.23,69.0,1,1
2335,1,35.53,35.53,58.0,1,1
2333,1,19.42,19.42,171.0,1,1
2329,1,30.4,30.4,300.0,1,1
550,1,0.77,0.77,7.0,1,1
548,1,8.6,8.6,139.0,1,1
578,1,53.31,53.31,480.0,1,1
570,1,28.12,28.12,44.0,1,1
601,1,14.65,14.65,19.0,1,1
591,1,50.67,50.67,451.0,1,1
587,1,8.7,8.7,77.0,1,1
580,1,33.02,33.02,292.0,1,1
2364,1,6.59,6.59,60.0,1,1
2363,1,0.15,0.15,2.0,1,1
2362,1,1.75,1.75,30.0,1,1
2361,1,2.93,2.93,24.0,1,1
2358,1,12.08,12.08,22.0,1,1
2354,1,16.37,16.37,161.0,1,1
2353,1,20.7,20.7,358.0,1,1
2352,1,11.12,11.12,95.0,1,1
499,1,35.9,35.9,33.0,1,1
530,1,25.42,25.42,231.0,1,1
529,1,27.23,27.23,250.0,1,1
524,1,50.94,50.94,667.0,1,1
523,1,25.34,25.34,38.0,1,1
521,1,3.59,3.59,30.0,1,1
535,1,43.98,43.98,379.0,1,1
531,1,8.49,8.49,75.0,1,1
2380,1,25.5,25.5,229.0,1,1
2376,1,11.45,11.45,30.0,1,1
2373,1,22.3,22.3,195.0,1,1
2368,1,13.3,13.3,120.0,1,1
2367,1,3.47,3.47,9.0,1,1
563,1,26.03,26.03,37.0,1,1
559,1,51.59,51.59,453.0,1,1
551,1,14.86,14.86,133.0,1,1
445,1,12.08,12.08,960.0,1,1
470,1,12.96,12.96,114.0,1,1
468,1,3.83,3.83,5.0,1,1
465,1,9.51,9.51,40.0,1,1
459,1,16.9,16.9,40.0,1,1
483,1,35.06,35.06,320.0,1,1
477,1,14.6,14.6,35.0,1,1
2398,1,6.83,6.83,60.0,1,1
2397,1,17.72,17.72,159.0,1,1
2396,1,37.56,37.56,332.0,1,1
2394,1,27.36,27.36,33.0,1,1
2389,1,3.41,3.41,30.0,1,1
494,1,47.41,47.41,421.0,1,1
489,1,7.6,7.6,80.0,1,1
505,1,3.59,3.59,6.0,1,1
501,1,7.79,7.79,74.0,1,1
366,1,3.21,3.21,41.0,1,1
181,1,15.95,15.95,151.0,1,1
397,1,19.58,19.58,176.0,1,1
395,1,22.3,22.3,197.0,1,1
411,1,53.6,53.6,489.0,1,1
398,1,3.12,3.12,52.0,1,1
430,1,4.87,4.87,82.0,1,1
2422,1,21.93,21.93,220.0,1,1
2417,1,16.48,16.48,37.0,1,1
2416,1,33.3,33.3,300.0,1,1
2414,1,39.21,39.21,360.0,1,1
2413,1,11.71,11.71,19.0,1,1
2411,1,11.24,11.24,27.0,1,1
2406,1,5.7,5.7,47.0,1,1
2405,1,7.32,7.32,66.0,1,1
2403,1,22.3,22.3,198.0,1,1
2499,1,4.6,4.6,76.0,1,1
2482,1,5.5,5.5,46.0,1,1
2480,1,14.79,14.79,43.0,1,1
2479,1,5.63,5.63,56.0,1,1
2483,1,3.89,3.89,36.0,1,1
2477,1,0.11,0.11,1.0,1,1
2476,1,23.3,23.3,233.0,1,1
2449,1,9.76,9.76,81.0,1,1
2448,1,14.71,14.71,29.0,1,1
2446,1,11.34,11.34,101.0,1,1
2440,1,9.86,9.86,82.0,1,1
257,1,2.3,2.3,40.0,1,1
221,1,13.47,13.47,120.0,1,1
220,1,5.59,5.59,50.0,1,1
297,1,39.76,39.76,360.0,1,1
292,1,44.66,44.66,401.0,1,1
1730,1,23.2,23.2,246.0,1,1
1729,1,13.8,13.8,40.0,1,1
1728,1,4.45,4.45,40.0,1,1
1726,1,6.61,6.61,79.0,1,1
1758,1,1.47,1.47,28.0,1,1
1755,1,6.2,6.2,55.0,1,1
1754,1,0.58,0.58,10.0,1,1
1753,1,16.38,16.38,29.0,1,1
1752,1,15.68,15.68,45.0,1,1
1747,1,2.23,2.23,39.0,1,1
1743,1,4.1,4.1,68.0,1,1
2468,1,5.13,5.13,49.0,1,1
2467,1,19.85,19.85,196.0,1,1
2466,1,12.64,12.64,19.0,1,1
2461,1,33.79,33.79,310.0,1,1
2500,1,2.56,2.56,23.0,1,1
